Workbook

Sheet TOMA DE DATOS
B2: Juego 1(jenga nuevo) | F2: Juego 2 (jenga viejo) | J2: Juego 3 (jenga Viejo) | N2: Juego 4 (jenga nuevo) | R2: Juego 5 (jenga viejo) | V2: Juego 6 (jenga viejo) | Z2: Juego 7 (Jenga nuevo) | AD2: Juego 8 (Jenga VIEJO) | AH2: Juego 9 (Jenga VIEJO) | AL2: Juego 10 (Jenga VIEJO) | AP2: Juego 11 (Jenga VIEJO) | AT2: Juego 12 (Jenga VIEJO) | AX2: Juego 13 (Jenga VIEJO) | BB2: Juego 14 (Jenga VIEJO) | BF2: Juego 15 (Jenga VIEJO) | BJ2: Juego 16 (Jenga VIEJO) | BN2: Juego 17 (Jenga VIEJO) | BR2: Juego 18 (Jenga VIEJO) | BV2: Juego 19 (Jenga VIEJO) | BZ2: Juego 20 (Jenga NUEVO)
B3: # de jugadores | D3: 2 | F3: # de jugadores | H3: 2 | J3: # de jugadores | L3: 3 | N3: # de jugadores | P3: 4 | R3: # de jugadores | T3: 3 | V3: # de jugadores | X3: 3 | Z3: # de jugadores | AB3: 4 | AD3: # de jugadores | AF3: 3 | AH3: # de jugadores | AJ3: 4 | AL3: # de jugadores | AN3: 3 | AP3: # de jugadores | AR3: 3 | AT3: # de jugadores | AV3: 3 | AX3: # de jugadores | AZ3: 4 | BB3: # de jugadores | BD3: 4 | BF3: # de jugadores | BH3: 4 | BJ3: # de jugadores | BL3: 3 | BN3: # de jugadores | BP3: 4 | BR3: # de jugadores | BT3: 4 | BV3: # de jugadores | BX3: 2 | BZ3: # de jugadores | CB3: 2
B4: intento | C4: segundos | D4: mano | F4: intento | G4: segundos | H4: mano | J4: intento | K4: segundos | L4: mano | N4: intento | O4: segundos | P4: mano | R4: intento | S4: segundos | T4: mano | V4: intento | W4: segundos | X4: mano | Z4: intento | AA4: segundos | AB4: mano | AD4: intento | AE4: segundos | AF4: mano | AH4: intento | AI4: segundos | AJ4: mano | AL4: intento | AM4: segundos | AN4: mano | AP4: intento | AQ4: segundos | AR4: mano | AT4: intento | AU4: segundos | AV4: mano | AX4: intento | AY4: segundos | AZ4: mano | BB4: intento | BC4: segundos | BD4: mano | BF4: intento | BG4: segundos | BH4: mano | BJ4: intento | BK4: segundos | BL4: mano | BN4: intento | BO4: segundos | BP4: mano | BR4: intento | BS4: segundos | BT4: mano | BV4: intento | BW4: segundos | BX4: mano | BZ4: intento | CA4: segundos | CB4: mano
B5: 1 | C5: 4.79 | D5: dominante | F5: 1 | G5: 5.39 | H5: no dominante | J5: 1 | K5: 4/1/1900 9,50,24 | L5: dominante | N5: 1 | O5: 3.42 | P5: no dominante | R5: 1 | S5: 2.63 | T5: dominante | V5: 1 | W5: 8.39 | X5: no dominante | Z5: 1 | AA5: 4.99 | AB5: dominante | AD5: 1 | AE5: 12.54 | AF5: domimante | AH5: 1 | AI5: 4.69 | AJ5: no dominante | AL5: 1 | AM5: 4.03 | AN5: dominante | AP5: 1 | AQ5: 11.06 | AR5: dominante | AT5: 1 | AU5: 24.87 | AV5: dominante | AX5: 1 | AY5: 8/1/1900 8,09,36 | AZ5: dominante | BB5: 1 | BC5: 21.67 | BD5: no dominante | BF5: 1 | BG5: 5.25 | BH5: dominante | BJ5: 1 | BK5: 7.17 | BL5: no dominante | BN5: 1 | BO5: 5.64 | BP5: no dominante | BR5: 1 | BS5: 11.11 | BT5: no dominante | BV5: 1 | BW5: 3.22 | BX5: no dominante | BZ5: 1 | CA5: 6.12 | CB5: dominante
B6: 2 | C6: 6.26 | D6: dominante | F6: 2 | G6: 2.45 | H6: no dominante | J6: 2 | K6: 11.39 | L6: no dominante | N6: 2 | O6: 7.68 | P6: no dominante | R6: 2 | S6: 7.99 | T6: no dominante | V6: 2 | W6: 7 | X6: no dominante | Z6: 2 | AA6: 11.79 | AB6: dominante | AD6: 2 | AE6: 13.99 | AF6: domimante | AH6: 2 | AI6: 15.03 | AJ6: no dominante | AL6: 2 | AM6: 12.43 | AN6: dominante | AP6: 2 | AQ6: 6.86 | AR6: dominante | AT6: 2 | AU6: 1,23 | AV6: dominante | AX6: 2 | AY6: 3.66 | AZ6: dominante | BB6: 2 | BC6: 40.4 | BD6: no dominante | BF6: 2 | BG6: 4.7 | BH6: no dominante | BJ6: 2 | BK6: 3.03 | BL6: dominante | BN6: 2 | BO6: 3.58 | BP6: no dominante | BR6: 2 | BS6: 4.55 | BT6: dominante | BV6: 2 | BW6: 8.15 | BX6: no dominante | BZ6: 2 | CA6: 7.61 | CB6: dominante
B7: 3 | C7: 2.64 | D7: dominante | F7: 3 | G7: 6.99 | H7: no dominante | J7: 3 | K7: 8.28 | L7: dominante | N7: 3 | O7: 4.11 | P7: no dominante | R7: 3 | S7: 7.41 | T7: no dominante | V7: 3 | W7: 3.86 | X7: no dominante | Z7: 3 | AA7: 7.57 | AB7: no dominante | AD7: 3 | AE7: 19.41 | AF7: domimante | AH7: 3 | AI7: 6.5 | AJ7: no dominante | AL7: 3 | AM7: 24.74 | AN7: dominante | AP7: 3 | AQ7: 4.13 | AR7: dominante | AT7: 3 | AU7: 0,74 | AV7: dominante | AX7: 3 | AY7: 14.56 | AZ7: dominante | BB7: 3 | BC7: 7.8 | BD7: no dominante | BF7: 3 | BG7: 12.3 | BH7: dominante | BJ7: 3 | BK7: 24.29 | BL7: dominante | BN7: 3 | BO7: 11.84 | BP7: no dominante | BR7: 3 | BS7: 12.25 | BT7: dominante | BV7: 3 | BW7: 2.99 | BX7: no dominante | BZ7: 3 | CA7: 9.55 | CB7: dominante
B8: 4 | C8: 16.4 | D8: dominante | F8: 4 | G8: 2.75 | H8: no dominante | J8: 4 | K8: 3.61 | L8: dominante | N8: 4 | O8: 7.62 | P8: no dominante | R8: 4 | S8: 6.49 | T8: dominante | V8: 4 | W8: 5.97 | X8: no dominante | Z8: 4 | AA8: 17.35 | AB8: no dominante | AD8: 4 | AE8: 21.58 | AF8: domimante | AH8: 4 | AI8: 9.59 | AJ8: no dominante | AL8: 4 | AM8: 20.81 | AN8: dominante | AP8: 4 | AQ8: 6.93 | AR8: dominante | AT8: 4 | AU8: 20,86 | AV8: dominante | AX8: 4 | AY8: 12.47 | AZ8: dominante | BB8: 4 | BC8: 15.01 | BD8: no dominante | BF8: 4 | BG8: 26.73 | BH8: no dominante | BK8: =AVERAGE(BK5:BK7) -> 11.496667 | BN8: 4 | BO8: 13.83 | BP8: no dominante | BR8: 4 | BS8: 1.15 | BT8: no dominante | BV8: 4 | BW8: 7.22 | BX8: no dominante | BZ8: 4 | CA8: 34.49 | CB8: dominante
B9: 5 | C9: 7.38 | D9: dominante | F9: 5 | G9: 5.46 | H9: no dominante | J9: 5 | K9: 4.31 | L9: no dominante | N9: 5 | O9: 16.24 | P9: no dominante | R9: 5 | S9: 4.49 | T9: no dominante | V9: 5 | W9: 7.91 | X9: no dominante | Z9: 5 | AA9: 5.61 | AB9: dominante | AD9: 5 | AE9: 36.86 | AF9: domimante | AH9: 5 | AI9: 15.2 | AJ9: no dominante | AL9: 5 | AM9: 19.27 | AN9: dominante | AP9: 5 | AQ9: 5.08 | AR9: dominante | AT9: 5 | AU9: 5,17 | AV9: dominante | AX9: 5 | AY9: 6.11 | AZ9: dominante | BB9: 5 | BC9: 7.35 | BD9: no dominante | BF9: 5 | BG9: 10.32 | BH9: dominante | BK9: 11.5 | BN9: 5 | BO9: 12.49 | BP9: no dominante | BR9: 5 | BS9: 10.21 | BT9: no dominante | BV9: 5 | BW9: 13.22 | BX9: no dominante | BZ9: 5 | CA9: 7.83 | CB9: dominante
B10: 6 | C10: 9.69 | D10: dominante | F10: 6 | G10: 7.03 | H10: no dominante | J10: 6 | K10: 12.45 | L10: dominante | N10: 6 | O10: 6.29 | P10: no dominante | R10: 6 | S10: 4.81 | T10: no dominante | V10: 6 | W10: 10.1 | X10: no dominante | Z10: 6 | AA10: 19.63 | AB10: dominante | AD10: 6 | AE10: 38.85 | AF10: domimante | AH10: 6 | AI10: 9.18 | AJ10: no dominante | AL10: 6 | AM10: 5.06 | AN10: dominante | AP10: 6 | AQ10: 7.31 | AR10: dominante | AT10: 6 | AU10: 10,87 | AV10: dominante | AX10: 6 | AY10: 11.14 | AZ10: dominante | BB10: 6 | BC10: 14.11 | BD10: no dominante | BF10: 6 | BG10: 4.86 | BH10: no dominante | BN10: 6 | BO10: 20.56 | BP10: no dominante | BR10: 6 | BS10: 13.73 | BT10: dominante | BV10: 6 | BW10: 8.83 | BX10: no dominante | BZ10: 6 | CA10: 36.59 | CB10: dominante
B11: 7 | C11: 7.69 | D11: dominante | F11: 7 | G11: 5.18 | H11: no dominante | J11: 7 | K11: 5.56 | L11: dominante | N11: 7 | O11: 6.93 | P11: no dominante | R11: 7 | S11: 6.45 | T11: dominante | V11: 7 | W11: 4.01 | X11: no dominante | Z11: 7 | AA11: 7.54 | AB11: no dominante | AD11: 7 | AE11: 15.06 | AF11: domimante | AH11: 7 | AI11: 6.01 | AJ11: no dominante | AM11: =AVERAGE(AM5:AM10) -> 14.39 | AP11: 7 | AQ11: 6.06 | AR11: dominante | AT11: 7 | AU11: 26,09 | AV11: dominante | AX11: 7 | AY11: 18.08 | AZ11: dominante | BB11: 7 | BC11: 12.09 | BD11: no dominante | BF11: 7 | BG11: 13.11 | BH11: dominante | BN11: 7 | BO11: 8.58 | BP11: no dominante | BR11: 7 | BS11: 7.26 | BT11: dominante | BV11: 7 | BW11: 12.71 | BX11: no dominante | BZ11: 7 | CA11: 13.29 | CB11: dominante
B12: 8 | C12: 10.06 | D12: dominante | F12: 8 | G12: 4.93 | H12: no dominante | J12: 8 | K12: 6.82 | L12: no dominante | N12: 8 | O12: 5.71 | P12: no dominante | R12: 8 | S12: 11.75 | T12: no dominante | V12: 8 | W12: 24.9 | X12: no dominante | Z12: 8 | AA12: 13.66 | AB12: no dominante | AE12: =AVERAGE(AE5:AE11) -> 22.612857 | AH12: 8 | AI12: 7.63 | AJ12: no dominante | AP12: 8 | AQ12: 13.8 | AR12: dominante | AT12: 8 | AU12: 24,65 | AV12: dominante | AX12: 8 | AY12: 13.4 | AZ12: dominante | BB12: 8 | BC12: 8.58 | BD12: no dominante | BF12: 8 | BG12: 34.37 | BH12: no dominante | BN12: 8 | BO12: 11.52 | BP12: no dominante | BR12: 8 | BS12: 11.77 | BT12: no dominante | BV12: 8 | BW12: 15.52 | BX12: no dominante | BZ12: 8 | CA12: 57.45 | CB12: dominante
B13: 9 | C13: 11.83 | D13: dominante | F13: 9 | G13: 12.96 | H13: no dominante | J13: 9 | K13: 16.41 | L13: dominante | N13: 9 | O13: 11.86 | P13: no dominante | R13: 9 | S13: 7.6 | T13: no dominante | V13: 9 | W13: 11.77 | X13: no dominante | Z13: 9 | AA13: 7.58 | AB13: dominante | AH13: 9 | AI13: 8.76 | AJ13: no dominante | AP13: 9 | AQ13: 13.18 | AR13: dominante | AT13: 9 | AU13: 5,24 | AV13: dominante | AX13: 9 | AY13: 12.26 | AZ13: dominante | BB13: 9 | BC13: 4.75 | BD13: no dominante | BF13: 9 | BG13: 18.44 | BH13: dominante | BN13: 9 | BO13: 16.75 | BP13: no dominante | BR13: 9 | BS13: 9.48 | BT13: no dominante | BV13: 9 | BW13: 17.24 | BX13: no dominante | BZ13: 9 | CA13: 10.5 | CB13: dominante
B14: 10 | C14: 13.85 | D14: dominante | F14: 10 | G14: 5.31 | H14: no dominante | J14: 10 | K14: 16.56 | L14: dominante | N14: 10 | O14: 15.86 | P14: no dominante | R14: 10 | S14: 8.64 | T14: dominante | V14: 10 | W14: 11.35 | X14: no dominante | Z14: 10 | AA14: 7.29 | AB14: dominante | AH14: 10 | AI14: 14.08 | AJ14: no dominante | AP14: 10 | AQ14: 12.6 | AR14: dominante | AT14: 10 | AU14: 12,66 | AV14: dominante | AX14: 10 | AY14: 9.82 | AZ14: dominante | BC14: =AVERAGE(BC5:BC13) -> 14.64 | BF14: 10 | BG14: 10.34 | BH14: no dominante | BN14: 10 | BO14: 11.78 | BP14: no dominante | BR14: 10 | BS14: 28.79 | BT14: dominante | BV14: 10 | BW14: 5.06 | BX14: no dominante | BZ14: 10 | CA14: 22 | CB14: dominante
B15: TIEMPO TOTAL | F15: 11 | G15: 10.93 | H15: no dominante | J15: 11 | K15: 9.5 | L15: no dominante | N15: 11 | O15: 9.48 | P15: no dominante | R15: 11 | S15: 5.49 | T15: no dominante | V15: 11 | W15: 12.51 | X15: no dominante | Z15: 11 | AA15: 15.1 | AB15: no dominante | AH15: 11 | AI15: 7.96 | AJ15: no dominante | AP15: 11 | AQ15: 50.27 | AR15: dominante | AT15: 11 | AU15: 12,15 | AV15: dominante | AX15: 11 | AY15: 14.45 | AZ15: dominante | BF15: 11 | BG15: 11.82 | BH15: dominante | BN15: 11 | BO15: 11.44 | BP15: no dominante | BR15: 11 | BS15: 10.01 | BT15: dominante | BV15: 11 | BW15: 14.83 | BX15: no dominante | BZ15: 11 | CA15: 29.43 | CB15: dominante
B16: PROMEDIO | C16: =AVERAGE(C5:C14) -> 9.059 | F16: 12 | G16: 11.11 | H16: no dominante | J16: 12 | K16: 15.8 | L16: dominante | N16: 12 | O16: 13.56 | P16: no dominante | R16: 12 | S16: 7.41 | T16: no dominante | V16: 12 | W16: 6.52 | X16: no dominante | Z16: 12 | AA16: 23.26 | AB16: no dominante | AH16: 12 | AI16: 4.03 | AJ16: no dominante | AP16: 12 | AQ16: 8.71 | AR16: dominante | AT16: 12 | AU16: 6,35 | AV16: dominante | AX16: 12 | AY16: 18.59 | BF16: 12 | BG16: 14.64 | BH16: no dominante | BO16: =AVERAGE(BO5:BO15) -> 11.637273 | BR16: 12 | BS16: 27.43 | BT16: no dominante | BV16: 12 | BW16: 9 | BX16: no dominante | BZ16: 12 | CA16: 40.14 | CB16: dominante
F17: 13 | G17: 10.41 | H17: no dominante | J17: 13 | K17: 9.94 | L17: dominante | N17: 13 | O17: 12.98 | P17: no dominante | R17: 13 | S17: 5.19 | T17: dominante | V17: 13 | W17: 7.36 | X17: no dominante | Z17: 13 | AA17: 9.64 | AB17: dominante | AI17: =AVERAGE(AI5:AI16) -> 9.055 | AP17: 13 | AQ17: 11.11 | AR17: dominante | AT17: 13 | AU17: 14,48 | AV17: dominante | AY17: =AVERAGE(AY5:AY16) -> 12.230909 | BF17: 13 | BG17: 23.54 | BH17: dominante | BR17: 13 | BS17: 7.64 | BT17: no dominante | BV17: 13 | BW17: 20.27 | BX17: no dominante | BZ17: 13 | CA17: 8.62 | CB17: dominante
B18: Juego 21 (Jenga VIEJO) | F18: 14 | G18: 10.35 | H18: no dominante | J18: 14 | K18: 7.97 | L18: no dominante | N18: 14 | O18: 8.95 | P18: no dominante | R18: 14 | S18: 12.05 | T18: no dominante | V18: 14 | W18: 13.58 | X18: no dominante | Z18: 14 | AA18: 33.05 | AB18: dominante | AP18: 14 | AQ18: 12.59 | AR18: dominante | AT18: 14 | AU18: 80,37 | AV18: dominante | BG18: =AVERAGE(BG5:BG17) -> 14.647692 | BR18: 14 | BS18: 13.32 | BT18: dominante | BV18: 14 | BW18: 12.5 | BX18: no dominante | BZ18: 14 | CA18: 19.26 | CB18: dominante
B19: # de jugadores | D19: 2 | F19: 15 | G19: 5.83 | H19: no dominante | J19: 15 | K19: 25.26 | L19: dominante | N19: 15 | O19: 45.2 | P19: no dominante | R19: 15 | S19: 5.22 | T19: no dominante | V19: 15 | W19: 21.73 | X19: no dominante | Z19: 15 | AA19: 26.23 | AB19: no dominante | AP19: 15 | AQ19: 7.59 | AR19: dominante | AT19: 15 | AU19: 32,10 | AV19: dominante | BG19: 14.65 | BR19: 15 | BS19: 15.51 | BT19: dominante | BV19: 15 | BW19: 11.13 | BX19: no dominante | CA19: =AVERAGE(CA6:CA18) -> 22.827692
B20: intento | C20: segundos | D20: mano | F20: 16 | G20: 8.98 | H20: no dominante | J20: 16 | K20: 7.07 | L20: dominante | O20: =AVERAGE(O5:O19) -> 11.726 | R20: 16 | S20: 9.1 | T20: dominante | V20: 16 | W20: 5.2 | X20: no dominante | Z20: 16 | AA20: 10.63 | AB20: no dominante | AP20: 16 | AQ20: 8.23 | AR20: dominante | AT20: 16 | AU20: 51,72 | AV20: dominante | BR20: 16 | BS20: 9.48 | BT20: no dominante | BV20: 16 | BW20: 21.88 | BX20: no dominante
B21: 1 | C21: 9.95 | D21: dominante | G21: =AVERAGE(G5:G20) -> 7.25375 | K21: =AVERAGE(K5:K20) -> 10.728667 | R21: 17 | S21: 10.61 | T21: no dominante | V21: 17 | W21: 12.98 | X21: no dominante | Z21: 17 | AA21: 9.26 | AB21: dominante | AP21: 17 | AQ21: 8.94 | AR21: dominante | AT21: 17 | AU21: 70,66 | AV21: dominante | BR21: 17 | BS21: 4.65 | BT21: no dominante | BV21: 17 | BW21: 32.36 | BX21: no dominante
B22: 2 | C22: 7.22 | D22: dominante | R22: 18 | S22: 6.04 | T22: no dominante | V22: 18 | W22: 18.74 | X22: no dominante | Z22: 18 | AA22: 8.82 | AB22: dominante | AP22: 18 | AQ22: 10.86 | AR22: dominante | AT22: 18 | AU22: 8,02 | AV22: dominante | BR22: 18 | BS22: 19.26 | BT22: dominante | BV22: 18 | BW22: 15.88 | BX22: no dominante
B23: 3 | C23: 9.05 | D23: dominante | N23: Juego 24 (Jenga viejo) | R23: 19 | S23: 14.6 | T23: dominante | V23: 19 | W23: 7.03 | X23: no dominante | Z23: 19 | AA23: 6.02 | AB23: no dominante | AP23: 19 | AQ23: 23.32 | AR23: dominante | AT23: 19 | AU23: 35,69 | AV23: dominante | BR23: 19 | BS23: 15.28 | BT23: dominante | BV23: 19 | BW23: 17.97 | BX23: no dominante
B24: 4 | C24: 6.97 | D24: dominante | F24: Juego 22 (Jenga nuevo) | J24: Juego 23 (Jenga nuevo) | N24: # de jugadores | P24: 2 | R24: 20 | S24: 5.41 | T24: no dominante | V24: 20 | W24: 61.2 | X24: no dominante | AA24: =AVERAGE(AA5:AA23) -> 12.895789 | AP24: 20 | AQ24: 6.76 | AR24: dominante | AT24: 20 | AU24: 29.49 | AV24: dominante | BR24: 20 | BS24: 14.18 | BT24: no dominante | BV24: 20 | BW24: 14.77 | BX24: no dominante
B25: 5 | C25: 7.24 | D25: dominante | F25: # de jugadores | H25: 2 | J25: # de jugadores | L25: 2 | N25: intento | O25: segundos | P25: mano | R25: 21 | S25: 7.72 | T25: no dominante | V25: 21 | W25: 6.96 | X25: no dominante | AP25: 21 | AQ25: 17.75 | AR25: dominante | AU25: =AVERAGE(AU5:AU24) -> 27.18 | BR25: 21 | BS25: 10.59 | BT25: no dominante | BV25: 21 | BW25: 6.95 | BX25: no dominante
B26: 6 | C26: 7.36 | D26: dominante | F26: intento | G26: segundos | H26: mano | J26: intento | K26: segundos | L26: mano | N26: 1 | O26: 8.5 | P26: no dominante | R26: 22 | S26: 5.9 | T26: dominante | V26: 22 | W26: 13.7 | X26: no dominante | AP26: 22 | AQ26: 35.54 | AR26: dominante | BR26: 22 | BS26: 9.6 | BT26: dominante | BW26: =AVERAGE(BW5:BW25) -> 12.938095
B27: 7 | C27: 7.61 | D27: dominante | F27: 1 | G27: 19.27 | H27: no dominante | J27: 1 | K27: 6.12 | L27: no dominante | N27: 2 | O27: 8.5 | P27: dominante | R27: 23 | S27: 19.56 | T27: no dominante | V27: 23 | W27: 15.68 | X27: no dominante | Z27: Juego 27 (Jenga viejo) | AD27: Juego 28 (Jenga VIEJO) | AH27: Juego 29 (Jenga VIEJO) | AL27: Juego 30 (Jenga VIEJO) | AP27: 23 | AQ27: 7.36 | AR27: dominante | AT27: Juego 32 (Jenga NUEVO) | AX27: Juego 33 (Jenga NUEVO) | BB27: Juego 34 (Jenga NUEVO) | BF27: Juego 35 (Jenga NUEVO) | BJ27: Juego 36 (Jenga NUEVO) | BN27: Juego 37 (Jenga VIEJO ) | BS27: =AVERAGE(BS5:BS26) -> 12.147727
B28: 8 | C28: 5.26 | D28: dominante | F28: 2 | G28: 15.53 | H28: no dominante | J28: 2 | K28: 8.39 | L28: dominante | N28: 3 | O28: 10 | P28: no dominante | R28: 24 | S28: 14.76 | T28: no dominante | V28: 24 | W28: 4.98 | X28: no dominante | Z28: # de jugadores | AB28: 3 | AD28: # de jugadores | AF28: 3 | AH28: # de jugadores | AJ28: 4 | AL28: # de jugadores | AN28: 4 | AP28: 24 | AQ28: 9.69 | AR28: dominante | AT28: # de jugadores | AV28: 2 | AX28: # de jugadores | AZ28: 3 | BB28: # de jugadores | BD28: 3 | BF28: # de jugadores | BH28: 3 | BJ28: # de jugadores | BL28: 3 | BN28: # de jugadores | BP28: 1 | BR28: Juego 38 (Jenga VIEJO ) | BV28: Juego 39 (Jenga VIEJO) | BZ28: Juego 40 (Jenga VIEJO)
B29: 9 | C29: 6.93 | D29: dominante | F29: 3 | G29: 9.06 | H29: no dominante | J29: 3 | K29: 6.84 | L29: no dominante | N29: 4 | O29: 5.3 | P29: dominante | R29: 25 | S29: 12.22 | T29: dominante | V29: 25 | W29: 10.26 | X29: no dominante | Z29: intento | AA29: segundos | AB29: mano | AD29: intento | AE29: segundos | AF29: mano | AH29: intento | AI29: segundos | AJ29: mano | AL29: intento | AM29: segundos | AN29: mano | AP29: 25 | AQ29: 63.78 | AR29: dominante | AT29: intento | AU29: segundos | AV29: mano | AX29: intento | AY29: segundos | AZ29: mano | BB29: intento | BC29: segundos | BD29: mano | BF29: intento | BG29: segundos | BH29: mano | BJ29: intento | BK29: segundos | BL29: mano | BN29: intento | BO29: segundos | BP29: mano | BR29: # de jugadores | BT29: 1 | BV29: # de jugadores | BX29: 1 | BZ29: # de jugadores | CB29: 1
B30: 10 | C30: 8.91 | D30: dominante | F30: 4 | G30: 11.77 | H30: no dominante | J30: 4 | K30: 21.51 | L30: dominante | N30: 5 | O30: 7.1 | P30: no dominante | R30: 26 | S30: 18.45 | T30: no dominante | V30: 26 | W30: 7.5 | X30: no dominante | Z30: 1 | AA30: 9 | AB30: dominante | AD30: 1 | AE30: 4.5 | AF30: no dominante | AH30: 1 | AI30: 5.2 | AJ30: dominante | AL30: 1 | AM30: 5.6 | AN30: dominante | AP30: 26 | AQ30: 52.19 | AR30: dominante | AT30: 1 | AU30: 6.6 | AV30: no dominante | AX30: 1 | AY30: 4.9 | AZ30: no dominante | BB30: 1 | BC30: 8.3 | BD30: no dominante | BF30: 1 | BG30: 5.9 | BH30: dominante | BJ30: 1 | BK30: 3.8 | BL30: no dominante | BN30: 1 | BO30: 7.07 | BP30: no dominante | BR30: intento | BS30: segundos | BT30: mano | BV30: intento | BW30: segundos | BX30: mano | BZ30: intento | CA30: segundos | CB30: mano
B31: 11 | C31: 4.89 | D31: dominante | F31: 5 | G31: 5.66 | H31: no dominante | J31: 5 | K31: 9.38 | L31: no dominante | N31: 6 | O31: 6.8 | P31: dominante | R31: 27 | S31: 11.75 | T31: no dominante | V31: 27 | W31: 15.16 | X31: no dominante | Z31: 2 | AA31: 7.7 | AB31: dominante | AD31: 2 | AE31: 6.9 | AF31: no dominante | AH31: 2 | AI31: 10 | AJ31: dominante | AL31: 2 | AM31: 5.5 | AN31: dominante | AP31: 27 | AQ31: 23.36 | AR31: dominante | AT31: 2 | AU31: 9.5 | AV31: no dominante | AX31: 2 | AY31: 29.7 | AZ31: no dominante | BB31: 2 | BC31: 10.2 | BD31: dominante | BF31: 2 | BG31: 9.2 | BH31: no dominante | BJ31: 2 | BK31: 21.4 | BL31: no dominante | BN31: 2 | BO31: 6.3 | BP31: no dominante | BR31: 1 | BS31: 5.79 | BT31: dominante | BV31: 1 | BW31: 9.18 | BX31: dominante | BZ31: 1 | CA31: 6.2 | CB31: no dominante
B32: 12 | C32: 3.52 | D32: dominante | F32: 6 | G32: 11.1 | H32: no dominante | J32: 6 | K32: 4.37 | L32: dominante | N32: 7 | O32: 9.3 | P32: no dominante | R32: 28 | S32: 24.17 | T32: dominante | V32: 28 | W32: 9.42 | X32: no dominante | Z32: 3 | AA32: 8.3 | AB32: dominante | AD32: 3 | AE32: 9.7 | AF32: no dominante | AH32: 3 | AI32: 15.9 | AJ32: no dominante | AL32: 3 | AM32: 12.9 | AN32: dominante | AP32: 28 | AQ32: 21.68 | AR32: dominante | AT32: 3 | AU32: 9 | AV32: no dominante | AX32: 3 | AY32: 6.8 | AZ32: no dominante | BB32: 3 | BC32: 7 | BD32: no dominante | BF32: 3 | BG32: 14.6 | BH32: dominante | BJ32: 3 | BK32: 4.3 | BL32: no dominante | BN32: 3 | BO32: 8.83 | BP32: no dominante | BR32: 2 | BS32: 8.83 | BT32: dominante | BV32: 2 | BW32: 44.39 | BX32: dominante | BZ32: 2 | CA32: 13.37 | CB32: no dominante
B33: 13 | C33: 6.28 | D33: dominante | F33: 7 | G33: 33.99 | H33: no dominante | J33: 7 | K33: 1.42 | L33: no dominante | N33: 8 | O33: 4.4 | P33: dominante | R33: 29 | S33: 21.98 | T33: no dominante | V33: 29 | W33: 11.96 | X33: no dominante | Z33: 4 | AA33: 5.5 | AB33: dominante | AD33: 4 | AE33: 4.4 | AF33: no dominante | AH33: 4 | AI33: 7.2 | AJ33: no dominante | AL33: 4 | AM33: 24.3 | AN33: dominante | AP33: 29 | AQ33: 36.44 | AR33: dominante | AT33: 4 | AU33: 8.8 | AV33: no dominante | AX33: 4 | AY33: 7.3 | AZ33: no dominante | BC33: =AVERAGE(BC30:BC32) -> 8.5 | BF33: 4 | BG33: 7 | BH33: dominante | BJ33: 4 | BK33: 4 | BL33: no dominante | BN33: 4 | BO33: 6.22 | BP33: no dominante | BR33: 3 | BS33: 7.86 | BT33: dominante | BV33: 3 | BW33: 5.75 | BX33: dominante | BZ33: 3 | CA33: 10.91 | CB33: no dominante
B34: 14 | C34: 11.88 | D34: dominante | F34: 8 | G34: 10.73 | H34: no dominante | J34: 8 | K34: 7.11 | L34: dominante | N34: 9 | O34: 5.3 | P34: no dominante | R34: 30 | S34: 11.14 | T34: no dominante | V34: 30 | W34: 11.53 | X34: no dominante | Z34: 5 | AA34: 5.8 | AB34: dominante | AD34: 5 | AE34: 5.5 | AF34: no dominante | AH34: 5 | AI34: 5.8 | AJ34: dominante | AL34: 5 | AM34: 5.8 | AN34: dominante | AP34: 30 | AQ34: 24.61 | AR34: dominante | AT34: 5 | AU34: 10.4 | AV34: no dominante | AX34: 5 | AY34: 10.1 | AZ34: no dominante | BF34: 5 | BG34: 14.4 | BH34: no dominante | BJ34: 5 | BK34: 8.2 | BL34: no dominante | BN34: 5 | BO34: 27.05 | BP34: no dominante | BR34: 4 | BS34: 5.9 | BT34: dominante | BV34: 4 | BW34: 4.69 | BX34: dominante | BZ34: 4 | CA34: 12.54 | CB34: no dominante
B35: 15 | C35: 8.47 | D35: dominante | F35: 9 | G35: 15.47 | H35: no dominante | J35: 9 | K35: 20.91 | L35: no dominante | N35: 10 | O35: 6.6 | P35: dominante | S35: =AVERAGE(S5:S34) -> 9.901 | W35: =AVERAGE(W5:W34) -> 12.308667 | Z35: 6 | AA35: 5.5 | AB35: dominante | AD35: 6 | AE35: 9.4 | AF35: no dominante | AH35: 6 | AI35: 8.5 | AJ35: dominante | AL35: 6 | AM35: 5 | AN35: dominante | AP35: 31 | AQ35: 7.78 | AR35: dominante | AT35: 6 | AU35: 5.1 | AV35: no dominante | AX35: 6 | AY35: 9.4 | AZ35: no dominante | BF35: 6 | BG35: 10.6 | BH35: dominante | BJ35: 6 | BK35: 7.9 | BL35: no dominante | BN35: 6 | BO35: 15.67 | BP35: no dominante | BR35: 5 | BS35: 13.28 | BT35: dominante | BV35: 5 | BW35: 17.81 | BX35: dominante | BZ35: 5 | CA35: 16.12 | CB35: no dominante
B36: 16 | C36: 12.83 | D36: dominante | F36: 10 | G36: 18.32 | H36: no dominante | J36: 10 | K36: 3.49 | L36: dominante | N36: 11 | O36: 14.2 | P36: no dominante | Z36: 7 | AA36: 5.3 | AB36: dominante | AD36: 7 | AE36: 7.1 | AF36: no dominante | AH36: 7 | AI36: 8 | AJ36: no dominante | AL36: 7 | AM36: 19.1 | AN36: dominante | AP36: 32 | AQ36: 68 | AR36: dominante | AT36: 7 | AU36: 12.3 | AV36: no dominante | AX36: 7 | AY36: 5.3 | AZ36: no dominante | BF36: 7 | BG36: 12.1 | BH36: dominante | BJ36: 7 | BK36: 14.9 | BL36: no dominante | BN36: 7 | BO36: 4.97 | BP36: no dominante | BR36: 6 | BS36: 3.57 | BT36: dominante | BV36: 6 | BW36: 14.15 | BX36: dominante | BZ36: 6 | CA36: 28.25 | CB36: no dominante
F37: 11 | G37: 20.01 | H37: no dominante | J37: 11 | K37: 30.06 | L37: no dominante | N37: 12 | O37: 8.9 | P37: dominante | Z37: 8 | AA37: 6.9 | AB37: dominante | AD37: 8 | AE37: 4.9 | AF37: no dominante | AH37: 8 | AI37: 8.4 | AJ37: no dominante | AL37: 8 | AM37: 13.9 | AN37: dominante | AP37: 33 | AQ37: 31.11 | AR37: dominante | AT37: 8 | AU37: 7 | AV37: no dominante | AX37: 8 | AY37: 15 | AZ37: no dominante | BF37: 8 | BG37: 16.4 | BH37: no dominante | BJ37: 8 | BK37: 17.2 | BL37: no dominante | BN37: 8 | BO37: 5.11 | BP37: no dominante | BR37: 7 | BS37: 11.19 | BT37: dominante | BV37: 7 | BW37: 4.21 | BX37: dominante | BZ37: 7 | CA37: 14.07 | CB37: no dominante
F38: 12 | G38: 8.62 | H38: no dominante | J38: 12 | K38: 20.31 | L38: dominante | N38: 13 | O38: 14 | P38: no dominante | R38: Juego 25 (Jenga nuevo) | V38: Juego 26 (Jenga nuevo) | Z38: 9 | AA38: 2.7 | AB38: dominante | AD38: 9 | AE38: 7.9 | AF38: no dominante | AH38: 9 | AI38: 11.1 | AJ38: dominante | AL38: 9 | AM38: 5.5 | AN38: dominante | AP38: 34 | AQ38: 5.43 | AR38: dominante | AT38: 9 | AU38: 9.9 | AV38: no dominante | AX38: 9 | AY38: 13.3 | AZ38: no dominante | BF38: 9 | BG38: 5.5 | BH38: dominante | BJ38: 9 | BK38: 16.9 | BL38: no dominante | BN38: 9 | BO38: 6.38 | BP38: no dominante | BR38: 8 | BS38: 5.36 | BT38: dominante | BV38: 8 | BW38: 5.87 | BX38: dominante | BZ38: 8 | CA38: 5.55 | CB38: no dominante
F39: 13 | G39: 13.53 | H39: no dominante | J39: 13 | K39: 22.39 | L39: no dominante | N39: 14 | O39: 14.5 | P39: dominante | R39: # de jugadores | T39: 4 | V39: # de jugadores | X39: 4 | Z39: 10 | AA39: 6.4 | AB39: dominante | AD39: 10 | AE39: 9 | AF39: no dominante | AH39: 10 | AI39: 13.7 | AJ39: dominante | AL39: 10 | AM39: 3 | AN39: dominante | AP39: 35 | AQ39: 27.83 | AR39: dominante | AT39: 10 | AU39: 6.7 | AV39: no dominante | AX39: 10 | AY39: 22.1 | AZ39: no dominante | BF39: 10 | BG39: 8.7 | BH39: dominante | BJ39: 10 | BK39: 10.3 | BL39: no dominante | BN39: 10 | BO39: 15.67 | BP39: no dominante | BR39: 9 | BS39: 8.26 | BT39: dominante | BV39: 9 | BW39: 6.69 | BX39: dominante | BZ39: 9 | CA39: 4.83 | CB39: no dominante
F40: 14 | G40: 14.9 | H40: no dominante | J40: 14 | K40: 10.16 | L40: dominante | N40: 15 | O40: 10.1 | P40: no dominante | R40: intento | S40: segundos | T40: mano | V40: intento | W40: segundos | X40: mano | Z40: 11 | AA40: 10.4 | AB40: dominante | AD40: 11 | AE40: 7.1 | AF40: no dominante | AH40: 11 | AI40: 29.1 | AJ40: no dominante | AL40: 11 | AM40: 11.9 | AN40: dominante | AQ40: =AVERAGE(AQ5:AQ39) -> 19.084 | AT40: 11 | AU40: 13.3 | AV40: no dominante | AX40: 11 | AY40: 9.7 | AZ40: no dominante | BF40: 11 | BG40: 4.5 | BH40: no dominante | BJ40: 11 | BK40: 32.5 | BL40: no dominante | BN40: 11 | BO40: 6.34 | BP40: no dominante | BR40: 10 | BS40: 8.99 | BT40: dominante | BV40: 10 | BW40: 8.65 | BX40: dominante | BZ40: 10 | CA40: 6.06 | CB40: no dominante
F41: 15 | G41: 6.19 | H41: no dominante | J41: 15 | K41: 19.71 | L41: no dominante | N41: 16 | O41: 6.8 | P41: dominante | R41: 1 | S41: 7.86 | T41: no dominante | V41: 1 | W41: 7.55 | X41: dominante | Z41: 12 | AA41: 21.1 | AB41: dominante | AD41: 12 | AE41: 9.4 | AF41: no dominante | AH41: 12 | AI41: 11.5 | AJ41: no dominante | AL41: 12 | AM41: 21.1 | AN41: dominante | AP41: Juego 31 (Jenga VIEJO) | AT41: 12 | AU41: 9 | AV41: no dominante | AX41: 12 | AY41: 18.6 | AZ41: no dominante | BF41: 12 | BG41: 8.2 | BH41: dominante | BJ41: 12 | BK41: 8 | BL41: no dominante | BN41: 12 | BO41: 10.76 | BP41: no dominante | BR41: 11 | BS41: 4.24 | BT41: dominante | BV41: 11 | BW41: 10.01 | BX41: dominante | BZ41: 11 | CA41: 5.1 | CB41: no dominante
F42: 16 | G42: 14.69 | H42: no dominante | J42: 16 | K42: 16.93 | L42: dominante | N42: 17 | O42: 6.1 | P42: no dominante | R42: 2 | S42: 11.09 | T42: no dominante | V42: 2 | W42: 8.53 | X42: dominante | Z42: 13 | AA42: 10.6 | AB42: dominante | AD42: 13 | AE42: 15.4 | AF42: no dominante | AH42: 13 | AI42: 16.5 | AJ42: dominante | AL42: 13 | AM42: 6.1 | AN42: dominante | AP42: # de jugadores | AR42: 4 | AT42: 13 | AU42: 16.3 | AV42: no dominante | BF42: 13 | BG42: 11.5 | BH42: dominante | BJ42: 13 | BK42: 12.3 | BL42: no dominante | BN42: 13 | BO42: 14.19 | BP42: no dominante | BR42: 12 | BS42: 11.05 | BT42: dominante | BV42: 12 | BW42: 7.83 | BX42: dominante | BZ42: 12 | CA42: 7.78 | CB42: no dominante
F43: 17 | G43: 31.94 | H43: no dominante | N43: 18 | O43: 29 | P43: dominante | R43: 3 | S43: 6.71 | T43: dominante | V43: 3 | W43: 9.58 | X43: no dominante | Z43: 14 | AA43: 8.1 | AB43: dominante | AD43: 14 | AE43: 7.5 | AF43: no dominante | AH43: 14 | AI43: 13.8 | AJ43: dominante | AL43: 14 | AM43: 5.5 | AN43: dominante | AP43: intento | AQ43: segundos | AR43: mano | AT43: 14 | AU43: 10.7 | AV43: no dominante | BF43: 14 | BG43: 14.7 | BH43: no dominante | BJ43: 14 | BK43: 20.3 | BL43: no dominante | BN43: 14 | BO43: 9 | BP43: no dominante | BR43: 13 | BS43: 10.29 | BT43: dominante | BV43: 13 | BW43: 6.26 | BX43: dominante | BZ43: 13 | CA43: 7.78 | CB43: no dominante
F44: 18 | G44: 35.25 | H44: no dominante | N44: 19 | O44: 12.6 | P44: no dominante | R44: 4 | S44: 9.44 | T44: dominante | V44: 4 | W44: 7.46 | X44: no dominante | Z44: 15 | AA44: 12.7 | AB44: dominante | AD44: 15 | AE44: 7.1 | AF44: no dominante | AH44: 15 | AI44: 11.8 | AJ44: no dominante | AL44: 15 | AM44: 5.9 | AN44: dominante | AP44: 1 | AQ44: 6.9097222e-05 | AR44: no dominante | AT44: 15 | AU44: 34.1 | AV44: no dominante | BF44: 15 | BG44: 24.3 | BH44: dominante | BJ44: 15 | BK44: 9.9 | BL44: no dominante | BN44: 15 | BO44: 10.91 | BP44: no dominante | BR44: 14 | BS44: 6.7 | BT44: dominante | BV44: 14 | BW44: 8.17 | BX44: dominante | BZ44: 14 | CA44: 4.33 | CB44: no dominante
F45: 19 | G45: 22.9 | H45: no dominante | N45: 20 | O45: 13.5 | P45: dominante | V45: 5 | W45: 5.69 | X45: dominante | Z45: 16 | AA45: 8.1 | AB45: dominante | AD45: 16 | AE45: 6 | AF45: no dominante | AH45: 16 | AI45: 10.5 | AJ45: no dominante | AL45: 16 | AM45: 23.5 | AN45: dominante | AP45: 2 | AQ45: 9.9305556e-05 | AR45: no dominante | AT45: 16 | AU45: 17 | AV45: no dominante | BF45: 16 | BG45: 24.9 | BH45: dominante | BJ45: 16 | BK45: 9.3 | BL45: no dominante | BN45: 16 | BO45: 8.15 | BP45: no dominante | BR45: 15 | BS45: 23.09 | BT45: dominante | BV45: 15 | BW45: 6.95 | BX45: dominante | BZ45: 15 | CA45: 14.96 | CB45: no dominante
N46: 21 | O46: 11 | P46: no dominante | V46: 6 | W46: 20.43 | X46: dominante | Z46: 17 | AA46: 10.9 | AB46: dominante | AD46: 17 | AE46: 21.7 | AF46: no dominante | AH46: 17 | AI46: 14.76 | AJ46: dominante | AL46: 17 | AM46: 5.5 | AN46: dominante | AP46: 3 | AQ46: 4.9305556e-05 | AR46: dominante | AT46: 17 | AU46: 11.3 | AV46: no dominante | BF46: 17 | BG46: 17.7 | BH46: no dominante | BJ46: 17 | BK46: 68.75 | BL46: no dominante | BN46: 17 | BO46: 8.17 | BP46: no dominante | BR46: 16 | BS46: 7.24 | BT46: dominante | BV46: 16 | BW46: 5.31 | BX46: dominante | BZ46: 16 | CA46: 9.17 | CB46: no dominante
N47: 22 | O47: 12.7 | P47: dominante | V47: 7 | W47: 5.36 | X47: no dominante | Z47: 18 | AA47: 8 | AB47: dominante | AD47: 18 | AE47: 9.6 | AF47: no dominante | AH47: 18 | AI47: 10.6 | AJ47: dominante | AL47: 18 | AM47: 6.8 | AN47: dominante | AP47: 4 | AQ47: 6.8865741e-05 | AR47: no dominante | AU47: =AVERAGE(AU30:AU46) -> 11.588235 | BF47: 18 | BG47: 6.8 | BH47: dominante | BK47: =AVERAGE(BK30:BK46) -> 15.879412 | BN47: 18 | BO47: 7.05 | BP47: no dominante | BR47: 17 | BS47: 6.46 | BT47: dominante | BV47: 17 | BW47: 9.1 | BX47: dominante | BZ47: 17 | CA47: 7.53 | CB47: no dominante
N48: 23 | O48: 9.7 | P48: no dominante | V48: 8 | W48: 7.43 | X48: no dominante | Z48: 19 | AA48: 9.8 | AB48: dominante | AD48: 19 | AE48: 8 | AF48: no dominante | AH48: 19 | AI48: 7.7 | AJ48: no dominante | AL48: 19 | AM48: 22.9 | AN48: dominante | AP48: 5 | AQ48: 9.1898148e-05 | AR48: no dominante | BF48: 19 | BG48: 7.3 | BH48: dominante | BN48: 19 | BO48: 6.04 | BP48: no dominante | BR48: 18 | BS48: 8.16 | BT48: dominante | BV48: 18 | BW48: 8.41 | BX48: dominante | BZ48: 18 | CA48: 12.97 | CB48: no dominante
B49: Juego 41 (Jenga VIEJO) | F49: Juego 42 (Jenga Viejo) | J49: Juego 43 (Jenga Viejo) | N49: 24 | O49: 7 | P49: dominante | V49: 9 | W49: 7.82 | X49: dominante | Z49: 20 | AA49: 15.4 | AB49: dominante | AD49: 20 | AE49: 5.7 | AF49: no dominante | AH49: 20 | AI49: 18.3 | AJ49: no dominante | AL49: 20 | AM49: 11.7 | AN49: dominante | AP49: 6 | AQ49: 0.00010729167 | AR49: no dominante | BF49: 20 | BG49: 44.9 | BH49: no dominante | BN49: 20 | BO49: 6.72 | BP49: no dominante | BR49: 19 | BS49: 13.05 | BT49: dominante | BV49: 19 | BW49: 13.95 | BX49: dominante | BZ49: 19 | CA49: 8.11 | CB49: no dominante
B50: # de jugadores | D50: 1 | F50: # de jugadores | H50: 3 | J50: # de jugadores | L50: 3 | N50: 25 | O50: 29.8 | P50: no dominante | V50: 10 | W50: 15.57 | X50: dominante | Z50: 21 | AA50: 15.9 | AB50: dominante | AD50: 21 | AE50: 9 | AF50: no dominante | AI50: =AVERAGE(AI30:AI49) -> 11.918 | AL50: 21 | AM50: 5.4 | AN50: dominante | AP50: 7 | AQ50: 8.1018519e-06 | AR50: dominante | AT50: Juego 52(Jenga nuevo) | AX50: Juego 53 (Jenga nuevo) | BB50: Juego 54 (Jenga nuevo) | BF50: 21 | BG50: 11 | BH50: dominante | BJ50: Juego 56 (Jenga nuevo ) | BN50: 21 | BO50: 9.11 | BP50: no dominante | BR50: 20 | BS50: 7.5 | BT50: dominante | BV50: 20 | BW50: 6.42 | BX50: dominante | BZ50: 20 | CA50: 6.89 | CB50: no dominante
B51: intento | C51: segundos | D51: mano | F51: intento | G51: segundos | H51: mano | J51: intento | K51: segundos | L51: mano | N51: 26 | O51: 23.1 | P51: dominante | V51: 11 | W51: 5.08 | X51: no dominante | Z51: 22 | AA51: 5.3 | AB51: dominante | AD51: 22 | AE51: 4.9 | AF51: no dominante | AL51: 22 | AM51: 6.3 | AN51: dominante | AP51: 8 | AQ51: 9.9768519e-05 | AR51: no dominante | AT51: # de jugadores | AV51: 3 | AX51: # de jugadores | AZ51: 3 | BB51: # de jugadores | BD51: 3 | BJ51: # de jugadores | BL51: 1 | BN51: 22 | BO51: 5.33 | BP51: no dominante | BR51: 21 | BS51: 11.15 | BT51: dominante | BV51: 21 | BW51: 6.93 | BX51: dominante | BZ51: 21 | CA51: 16.93 | CB51: no dominante
B52: 1 | C52: 14.45 | D52: dominante | F52: 1 | G52: 6.69 | H52: dominante | J52: 1 | K52: 8.92 | L52: no dominante | N52: 27 | O52: 31.1 | P52: no dominante | V52: 12 | W52: 23.37 | X52: no dominante | Z52: 23 | AA52: 14.2 | AB52: dominante | AD52: 23 | AE52: 7.7 | AF52: no dominante | AL52: 23 | AM52: 23 | AN52: dominante | AP52: 9 | AQ52: 8.4027778e-05 | AR52: no dominante | AT52: intento | AU52: segundos | AV52: mano | AX52: intento | AY52: segundos | AZ52: mano | BB52: intento | BC52: segundos | BD52: mano | BJ52: intento | BK52: segundos | BL52: mano | BN52: 23 | BO52: 14.68 | BP52: no dominante | BR52: 22 | BS52: 4.78 | BT52: dominante | BV52: 22 | BW52: 12.91 | BX52: dominante | BZ52: 22 | CA52: 6.77 | CB52: no dominante
B53: 2 | C53: 13.92 | D53: dominante | F53: 2 | G53: 17.74 | H53: dominante | J53: 2 | K53: 3.07 | L53: no dominante | N53: 28 | O53: 15.7 | P53: dominante | W53: =AVERAGE(W41:W52) -> 10.3225 | Z53: 24 | AA53: 24.1 | AB53: dominante | AD53: 24 | AE53: 8.8 | AF53: no dominante | AL53: 24 | AM53: 12.4 | AN53: dominante | AP53: 10 | AQ53: 0.0001681713 | AR53: no dominante | AT53: 1 | AU53: 00:07.90 | AV53: dominante | AX53: 1 | AY53: 00:18.64 | AZ53: no dominante | BB53: 1 | BC53: 4.93 | BD53: dominante | BJ53: 1 | BK53: 5.08 | BL53: dominante | BN53: 24 | BO53: 11.38 | BP53: no dominante | BR53: 23 | BS53: 13.45 | BT53: dominante | BV53: 23 | BW53: 12.53 | BX53: dominante | BZ53: 23 | CA53: 27.08 | CB53: no dominante
B54: 3 | C54: 15.28 | D54: dominante | F54: 3 | G54: 2.01 | H54: no dominante | J54: 3 | K54: 3.61 | L54: dominante | N54: 29 | O54: 14.2 | P54: no dominante | Z54: 25 | AA54: 8.5 | AB54: dominante | AD54: 25 | AE54: 5.5 | AF54: no dominante | AL54: 25 | AM54: 29.2 | AN54: dominante | AP54: 11 | AQ54: 0.00013368056 | AR54: dominante | AT54: 2 | AU54: 00:05.55 | AV54: dominante | AX54: 2 | AY54: 00:09.35 | AZ54: no dominante | BB54: 2 | BC54: 10.8 | BD54: no dominante | BF54: Juego 55 (Jenga nuevo ) | BJ54: 2 | BK54: 3.97 | BL54: dominante | BN54: 25 | BO54: 13 | BP54: no dominante | BR54: 24 | BS54: 17.66 | BT54: dominante | BV54: 24 | BW54: 14.69 | BX54: dominante | BZ54: 24 | CA54: 10.48 | CB54: no dominante
B55: 4 | C55: 12.65 | D55: dominante | F55: 4 | G55: 4.31 | H55: dominante | J55: 4 | K55: 8.05 | L55: no dominante | N55: 30 | O55: 16.5 | P55: dominante | Z55: 26 | AA55: 11.6 | AB55: dominante | AD55: 26 | AE55: 15.9 | AF55: no dominante | AM55: =AVERAGE(AM30:AM54) -> 11.912 | AP55: 12 | AQ55: 0.000109375 | AR55: no dominante | AT55: 3 | AU55: 00:00.64 | AV55: dominante | AX55: 3 | AY55: 00:13.72 | AZ55: no dominante | BB55: 3 | BC55: 11.65 | BD55: no dominante | BF55: # de jugadores | BH55: 3 | BJ55: 3 | BK55: 13.48 | BL55: dominante | BR55: 25 | BS55: 8.52 | BT55: dominante | BV55: 25 | BW55: 5.38 | BX55: dominante | BZ55: 25 | CA55: 8.86 | CB55: no dominante
B56: 5 | C56: 14.05 | D56: dominante | F56: 5 | G56: 5.26 | H56: dominante | J56: 5 | K56: 8.72 | L56: no dominante | N56: 31 | O56: 22.2 | P56: no dominante | R56: Juego 45 (Jenga nuevo ) | V56: Juego 46 (Jenga nuevo ) | Z56: 27 | AA56: 21.6 | AB56: dominante | AD56: 27 | AE56: 11.2 | AF56: no dominante | AP56: 13 | AQ56: 0.00017592593 | AR56: no dominante | AX56: 4 | AY56: 00:12.87 | AZ56: no dominante | BB56: 4 | BC56: 17.73 | BD56: dominante | BF56: intento | BG56: segundos | BH56: mano | BJ56: 4 | BK56: 4.04 | BL56: dominante | BR56: 26 | BS56: 19.17 | BT56: dominante | BV56: 26 | BW56: 6.16 | BX56: dominante
B57: 6 | C57: 15.39 | D57: dominante | F57: 6 | G57: 13.58 | H57: no dominante | J57: 6 | K57: 22.39 | L57: dominante | N57: 32 | O57: 23.9 | P57: dominante | R57: # de jugadores | T57: 3 | V57: # de jugadores | X57: 3 | Z57: 28 | AA57: 10.6 | AB57: dominante | AD57: 28 | AE57: 31.4 | AF57: no dominante | AP57: 14 | AQ57: 0.00022372685 | AR57: no dominante | AX57: 5 | AY57: 00:05.27 | AZ57: no dominante | BB57: 5 | BC57: 20.96 | BD57: no dominante | BF57: 1 | BG57: 8.73 | BH57: no dominante | BJ57: 5 | BK57: 17.91 | BL57: dominante | BN57: Juego 57 (Jenga nuevo ) | BR57: 27 | BS57: 37 | BT57: dominante | BV57: 27 | BW57: 14.82 | BX57: dominante
B58: 7 | C58: 13.78 | D58: dominante | F58: 7 | G58: 11.32 | H58: dominante | J58: 7 | K58: 4.59 | L58: no dominante | N58: 33 | O58: 7 | P58: no dominante | R58: intento | S58: segundos | T58: mano | V58: intento | W58: segundos | X58: mano | Z58: 29 | AA58: 10.3 | AB58: dominante | AD58: 29 | AE58: 52 | AF58: no dominante | AH58: Juego 49 (Jenga nuevo ) | AL58: Juego 50 (Jenga nuevo ) | AP58: 15 | AQ58: 8.8657407e-05 | AR58: dominante | AX58: 6 | AY58: 00:07.40 | AZ58: no dominante | BB58: 6 | BC58: 7.97 | BD58: no dominante | BF58: 2 | BG58: 21.4 | BH58: dominante | BJ58: 6 | BK58: 9.74 | BL58: dominante | BN58: # de jugadores | BP58: 3 | BR58: 28 | BS58: 14.41 | BT58: dominante | BW58: =AVERAGE(BW31:BW57) -> 10.267407
B59: 8 | C59: 14.5 | D59: dominante | F59: 8 | G59: 3.49 | H59: dominante | J59: 8 | K59: 8.53 | L59: no dominante | N59: 34 | O59: 10.8 | P59: dominante | R59: 1 | S59: 7.5 | T59: dominante | V59: 1 | W59: 6.83 | X59: no dominante | Z59: 30 | AA59: 14.2 | AB59: dominante | AE59: =AVERAGE(AE30:AE58) -> 10.8 | AH59: # de jugadores | AJ59: 2 | AL59: # de jugadores | AN59: 3 | AP59: 16 | AQ59: 0.00014780093 | AR59: no dominante | AX59: 7 | AY59: 00:08.50 | AZ59: no dominante | BB59: 7 | BC59: 12.44 | BD59: dominante | BF59: 3 | BG59: 3.78 | BH59: dominante | BJ59: 7 | BK59: 13.89 | BL59: dominante | BN59: intento | BO59: segundos | BP59: mano | BR59: 29 | BS59: 11.2 | BT59: dominante
B60: 9 | C60: 12.99 | D60: dominante | F60: 9 | G60: 9.69 | H60: no dominante | J60: 9 | K60: 9.42 | L60: dominante | N60: 35 | O60: 24.9 | P60: no dominante | R60: 2 | S60: 30.09 | T60: no dominante | V60: 2 | W60: 13.79 | X60: no dominante | Z60: 31 | AA60: 14.4 | AB60: dominante | AH60: intento | AI60: segundos | AJ60: mano | AL60: intento | AM60: segundos | AN60: mano | AP60: 17 | AQ60: 0.00012534722 | AR60: no dominante | AX60: 8 | AY60: 00:11.55 | AZ60: no dominante | BB60: 8 | BC60: 3.52 | BD60: no dominante | BF60: 4 | BG60: 11.4 | BH60: no dominante | BJ60: 8 | BK60: 34.78 | BL60: dominante | BN60: 1 | BO60: 3.44 | BP60: dominante | BR60: 30 | BS60: 15.81 | BT60: dominante | BV60: Juego 59 (Jenga nuevo) | BZ60: Juego 60 (Jenga nuevo )
B61: 10 | C61: 15.2 | D61: dominante | F61: 10 | G61: 2.78 | H61: dominante | J61: 10 | K61: 6.19 | L61: no dominante | N61: 36 | O61: 13.9 | P61: dominante | R61: 3 | S61: 13.4 | T61: no dominante | V61: 3 | W61: 18.89 | X61: no dominante | Z61: 32 | AA61: 15.4 | AB61: dominante | AH61: 1 | AI61: 10.35 | AJ61: dominante | AL61: 1 | AM61: 2.53 | AN61: dominante | AP61: 18 | AQ61: 0.00015740741 | AR61: no dominante | AX61: 9 | AY61: 00:08.30 | AZ61: no dominante | BB61: 9 | BC61: 17.77 | BD61: no dominante | BF61: 5 | BG61: 11.63 | BH61: dominante | BJ61: 9 | BK61: 7.95 | BL61: dominante | BN61: 2 | BO61: 7.59 | BP61: no dominante | BR61: 31 | BS61: 9.96 | BT61: dominante | BV61: # de jugadores | BX61: 1 | BZ61: # de jugadores | CB61: 3
B62: 11 | C62: 13.88 | D62: dominante | F62: 11 | G62: 5.95 | H62: dominante | J62: 11 | K62: 9.26 | L62: no dominante | N62: 37 | O62: 15.7 | P62: no dominante | R62: 4 | S62: 7.18 | T62: dominante | V62: 4 | W62: 14.4 | X62: no dominante | Z62: 33 | AA62: 31.2 | AB62: dominante | AD62: Juego 48 (Jenga nuevo ) | AH62: 2 | AI62: 3.38 | AJ62: no dominante | AL62: 2 | AM62: 4.16 | AN62: no dominante | AP62: 19 | AQ62: 0.00032349537 | AR62: dominante | AX62: 10 | AY62: 00:12.30 | AZ62: no dominante | BB62: 10 | BC62: 18.91 | BD62: dominante | BF62: 6 | BG62: 22.08 | BH62: dominante | BJ62: 10 | BK62: 14.4 | BL62: dominante | BN62: 3 | BO62: 12.67 | BP62: dominante | BR62: 32 | BS62: 6.13 | BT62: dominante | BV62: intento | BW62: segundos | BX62: mano | BZ62: intento | CA62: segundos | CB62: mano
B63: 12 | C63: 14.65 | D63: dominante | F63: 12 | G63: 16.14 | H63: no dominante | J63: 12 | K63: 17.52 | L63: dominante | N63: 38 | O63: 37.3 | P63: dominante | R63: 5 | S63: 12.7 | T63: no dominante | V63: 5 | W63: 16.54 | X63: no dominante | Z63: 34 | AA63: 6.9 | AB63: dominante | AD63: # de jugadores | AF63: 1 | AH63: 3 | AI63: 6.34 | AJ63: dominante | AL63: 3 | AM63: 12.58 | AN63: dominante | AQ63: =AVERAGE(AQ44:AQ62) -> 0.00012269737 | AT63: Juego 72 (Jenga nuevo) | AX63: 11 | AY63: 00:18.01 | AZ63: no dominante | BB63: 11 | BC63: 15.15 | BD63: no dominante | BF63: 7 | BG63: 16 | BH63: no dominante | BJ63: 11 | BK63: 30.01 | BL63: dominante | BN63: 4 | BO63: 5.43 | BP63: dominante | BR63: 33 | BS63: 7.27 | BT63: dominante | BV63: 1 | BW63: 7.15 | BX63: dominante | BZ63: 1 | CA63: 6.12 | CB63: dominante
B64: 13 | C64: 15.12 | D64: dominante | F64: 13 | G64: 6.55 | H64: dominante | J64: 13 | K64: 7.09 | L64: no dominante | N64: 39 | O64: 36.7 | P64: no dominante | R64: 6 | S64: 18.41 | T64: no dominante | V64: 6 | W64: 26.25 | X64: no dominante | Z64: 35 | AA64: 20.6 | AB64: dominante | AD64: intento | AE64: segundos | AF64: mano | AH64: 4 | AI64: 6.58 | AJ64: no dominante | AL64: 4 | AM64: 10.41 | AN64: dominante | AT64: # de jugadores | AV64: 4 | AX64: 12 | AY64: 00:26.78 | AZ64: no dominante | BB64: 12 | BC64: 6.63 | BD64: no dominante | BF64: 8 | BG64: 25.01 | BH64: dominante | BN64: 5 | BO64: 2.66 | BP64: no dominante | BR64: 34 | BS64: 8.14 | BT64: dominante | BV64: 2 | BW64: 5.64 | BX64: dominante | BZ64: 2 | CA64: 10.81 | CB64: no dominante
B65: 14 | C65: 13.55 | D65: dominante | F65: 14 | G65: 12.68 | H65: dominante | J65: 14 | K65: 15.7 | L65: no dominante | R65: 7 | S65: 4.9 | T65: dominante | V65: 7 | W65: 13.89 | X65: no dominante | Z65: 36 | AA65: 8.4 | AB65: dominante | AD65: 1 | AE65: 9.4 | AF65: dominante | AH65: 5 | AI65: 2.91 | AJ65: dominante | AL65: 5 | AM65: 9.07 | AN65: no dominante | AT65: intento | AU65: segundos | AV65: mano | AX65: 13 | AY65: 00:08.38 | AZ65: no dominante | BB65: 13 | BC65: 12.5 | BD65: dominante | BF65: 9 | BG65: 13.78 | BH65: dominante | BN65: 6 | BO65: 22.08 | BP65: dominante | BR65: 35 | BS65: 13.29 | BT65: dominante | BV65: 3 | BW65: 21.12 | BX65: dominante | BZ65: 3 | CA65: 20.8 | CB65: dominante
B66: 15 | C66: 14.85 | D66: dominante | F66: 15 | G66: 7.44 | H66: no dominante | J66: 15 | K66: 14.95 | L66: dominante | R66: 8 | S66: 35.56 | T66: no dominante | V66: 8 | W66: 10.24 | X66: no dominante | Z66: 37 | AA66: 17.7 | AB66: dominante | AD66: 2 | AE66: 7.84 | AF66: dominante | AH66: 6 | AI66: 10.65 | AJ66: no dominante | AL66: 6 | AM66: 10.66 | AN66: dominante | AP66: Juego 51 (Jenga nuevo) | AT66: 1 | AU66: 4.14 | AV66: dominante | AX66: 14 | AY66: 00:10.75 | AZ66: no dominante | BB66: 14 | BC66: 23.94 | BD66: no dominante | BF66: 10 | BG66: 55.63 | BH66: no dominante | BN66: 7 | BO66: 7.01 | BP66: dominante | BR66: 36 | BS66: 12.87 | BT66: dominante | BV66: 4 | BW66: 17.39 | BX66: dominante | BZ66: 4 | CA66: 7.42 | CB66: dominante
B67: 16 | C67: 12.77 | D67: dominante | F67: 16 | G67: 6.03 | H67: dominante | J67: 16 | K67: 9.68 | L67: no dominante | R67: 9 | S67: 15.36 | T67: no dominante | V67: 9 | W67: 66 | X67: no dominante | AD67: 3 | AE67: 7.55 | AF67: dominante | AH67: 7 | AI67: 9.4 | AJ67: dominante | AL67: 7 | AM67: 26.19 | AN67: dominante | AP67: # de jugadores | AR67: 4 | AT67: 2 | AU67: 5.81 | AV67: no dominante | AX67: 15 | AY67: 00:10.99 | AZ67: no dominante | BB67: 15 | BC67: 5.64 | BD67: no dominante | BN67: 8 | BO67: 16.42 | BP67: no dominante | BR67: 37 | BS67: 12.99 | BT67: dominante | BV67: 5 | BW67: 10.62 | BX67: dominante | BZ67: 5 | CA67: 29.65 | CB67: no dominante
B68: 17 | C68: 15.4 | D68: dominante | F68: 17 | G68: 7.88 | H68: dominante | J68: 17 | K68: 13.55 | L68: no dominante | N68: Juego 44 (Jenga nuevo ) | R68: 10 | S68: 21.48 | T68: dominante | V68: 10 | W68: 15.12 | X68: no dominante | AD68: 4 | AE68: 15.59 | AF68: dominante | AH68: 8 | AI68: 19.21 | AJ68: no dominante | AL68: 8 | AM68: 6.94 | AN68: no dominante | AP68: intento | AQ68: segundos | AR68: mano | AT68: 3 | AU68: 8.11 | AV68: dominante | AX68: 16 | AY68: 00:19.07 | AZ68: no dominante | BB68: 16 | BC68: 11.86 | BD68: dominante | BN68: 9 | BO68: 19.62 | BP68: dominante | BR68: 38 | BS68: 8.17 | BT68: dominante | BV68: 6 | BW68: 3.33 | BX68: dominante | BZ68: 6 | CA68: 13.07 | CB68: dominante
B69: 18 | C69: 13.95 | D69: dominante | F69: 18 | G69: 16.53 | H69: no dominante | J69: 18 | K69: 8.76 | L69: dominante | N69: # de jugadores | P69: 3 | R69: 11 | S69: 62.8 | T69: no dominante | V69: 11 | W69: 5.57 | X69: no dominante | AD69: 5 | AE69: 3.73 | AF69: dominante | AH69: 9 | AI69: 15.62 | AJ69: dominante | AL69: 9 | AM69: 5.27 | AN69: dominante | AP69: 1 | AQ69: 6.74 | AR69: dominante | AT69: 4 | AU69: 7.33 | AV69: no dominante | AX69: 17 | AY69: 00:21.47 | AZ69: no dominante | BB69: 17 | BC69: 31.7 | BD69: no dominante | BN69: 10 | BO69: 36.75 | BP69: dominante | BR69: 39 | BS69: 7.55 | BT69: dominante | BV69: 7 | BW69: 17.15 | BX69: dominante | BZ69: 7 | CA69: 3.43 | CB69: dominante
B70: 19 | C70: 14.1 | D70: dominante | F70: 19 | G70: 8.61 | H70: dominante | J70: 19 | K70: 13.72 | L70: no dominante | N70: intento | O70: segundos | P70: mano | R70: 12 | S70: 0:61,91 | T70: no dominante | V70: 12 | W70: 24.14 | X70: no dominante | Z70: Juego 47 (Jenga nuevo ) | AD70: 6 | AE70: 16.15 | AF70: dominante | AH70: 10 | AI70: 18.21 | AJ70: no dominante | AL70: 10 | AM70: 28.97 | AN70: dominante | AP70: 2 | AQ70: 4.84 | AR70: no dominante | AT70: 5 | AU70: 14.61 | AV70: dominante | AX70: 18 | AY70: 00:18.35 | AZ70: no dominante | BB70: 18 | BC70: 20.48 | BD70: no dominante | BN70: 11 | BO70: 2.35 | BP70: no dominante | BR70: 40 | BS70: 9.29 | BT70: dominante | BV70: 8 | BW70: 6.78 | BX70: dominante | BZ70: 8 | CA70: 12.86 | CB70: no dominante
B71: 20 | C71: 12.68 | D71: dominante | F71: 20 | G71: 24.25 | H71: dominante | J71: 20 | K71: 30.77 | L71: no dominante | N71: 1 | O71: 6.5 | P71: no dominante | R71: 13 | S71: 7 | T71: dominante | V71: 13 | W71: 13.02 | X71: no dominante | Z71: # de jugadores | AB71: 4 | AD71: 7 | AE71: 9.41 | AF71: dominante | AH71: 11 | AI71: 14.97 | AJ71: dominante | AL71: 11 | AM71: 9.29 | AN71: no dominante | AP71: 3 | AQ71: 7.31 | AR71: dominante | AT71: 6 | AU71: 2.64 | AV71: no dominante | AX71: 19 | AY71: 00:19.29 | AZ71: no dominante | BB71: 19 | BC71: 52.56 | BD71: dominante | BN71: 12 | BO71: 27.49 | BP71: dominante | BV71: 9 | BW71: 9.92 | BX71: dominante | BZ71: 9 | CA71: 26.54 | CB71: dominante
B72: 21 | C72: 15.3 | D72: dominante | F72: 21 | G72: 58 | H72: no dominante | J72: 21 | K72: 6 | L72: dominante | N72: 2 | O72: 14.16 | P72: no dominante | R72: 14 | S72: 60.05 | T72: no dominante | V72: 14 | W72: 18.25 | X72: no dominante | Z72: intento | AA72: segundos | AB72: mano | AD72: 8 | AE72: 60.17 | AF72: dominante | AH72: 12 | AI72: 28.78 | AJ72: no dominante | AL72: 12 | AM72: 11.48 | AN72: dominante | AP72: 4 | AQ72: 13.58 | AR72: no dominante | AT72: 7 | AU72: 15.21 | AV72: dominante | AX72: 20 | AY72: 00:06.65 | AZ72: no dominante | BB72: 20 | BC72: 30.98 | BD72: no dominante | BN72: 13 | BO72: 9.17 | BP72: dominante | BV72: 10 | BW72: 20.44 | BX72: dominante | BZ72: 10 | CA72: 16.15 | CB72: dominante
B73: 22 | C73: 14.25 | D73: dominante | F73: 22 | G73: 20.2 | H73: dominante | J73: 22 | K73: 19.63 | L73: no dominante | N73: 3 | O73: 12.49 | P73: no dominante | R73: 15 | S73: 90.46 | T73: no dominante | V73: 15 | W73: 23.33 | X73: no dominante | Z73: 1 | AA73: 8.76 | AB73: dominante | AD73: 9 | AE73: 8.21 | AF73: dominante | AH73: 13 | AI73: 5.65 | AJ73: dominante | AL73: 13 | AM73: 7.34 | AN73: dominante | AP73: 5 | AQ73: 15.37 | AR73: dominante | AT73: 8 | AU73: 4.16 | AV73: no dominante | AY73: =AVERAGE(AY53:AY72) -> #DIV/0! | BN73: 14 | BO73: 19.28 | BP73: no dominante | BR73: Juego 58 (Jenga nuevo) | BV73: 11 | BW73: 7.51 | BX73: dominante | BZ73: 11 | CA73: 19.84 | CB73: no dominante
B74: 23 | C74: 13.85 | D74: dominante | F74: 23 | G74: 7.41 | H74: dominante | J74: 23 | K74: 14.62 | L74: no dominante | N74: 4 | O74: 9.94 | P74: no dominante | R74: 16 | S74: 11.6 | T74: dominante | V74: 16 | W74: 49.04 | X74: no dominante | Z74: 2 | AA74: 15.08 | AB74: no dominante | AD74: 10 | AE74: 8.31 | AF74: dominante | AH74: 14 | AI74: 4.25 | AJ74: no dominante | AL74: 14 | AM74: 12.11 | AN74: no dominante | AP74: 6 | AQ74: 5.97 | AR74: no dominante | AT74: 9 | AU74: 2.71 | AV74: dominante | BN74: 15 | BO74: 13.23 | BP74: dominante | BR74: # de jugadores | BT74: 3 | BV74: 12 | BW74: 8.6 | BX74: dominante | CA74: =AVERAGE(CA63:CA73) -> 15.153636
B75: 24 | C75: 15 | D75: dominante | F75: 24 | G75: 9.01 | H75: no dominante | J75: 24 | K75: 7.52 | L75: dominante | N75: 5 | O75: 8.63 | P75: no dominante | R75: 17 | S75: 165.29 | T75: no dominante | V75: 17 | W75: 7.92 | X75: no dominante | Z75: 3 | AA75: 11.6 | AB75: dominante | AD75: 11 | AE75: 16.68 | AF75: dominante | AH75: 15 | AI75: 64.01 | AJ75: dominante | AL75: 15 | AM75: 8.52 | AN75: dominante | AP75: 7 | AQ75: 16.08 | AR75: dominante | AT75: 10 | AU75: 10.81 | AV75: no dominante | AX75: Juego 73 (Jenga nuevo) | BB75: Juego 74 (Jenga nuevo) | BF75: Juego 75 (Jenga nuevo) | BJ75: Juego 76 (Jenga viejo) | BO75: =AVERAGE(BO60:BO74) -> 13.679333 | BR75: intento | BS75: segundos | BT75: mano | BV75: 13 | BW75: 8.08 | BX75: dominante
B76: 25 | C76: 12.9 | D76: dominante | N76: 6 | O76: 10.36 | P76: no dominante | R76: 18 | S76: 61.28 | T76: no dominante | V76: 18 | W76: 12.78 | X76: no dominante | Z76: 4 | AA76: 29.97 | AB76: no dominante | AD76: 12 | AE76: 16.85 | AF76: dominante | AP76: 8 | AQ76: 15.36 | AR76: no dominante | AT76: 11 | AU76: 6.84 | AV76: dominante | AX76: # de jugadores | AZ76: 3 | BB76: # de jugadores | BD76: 2 | BF76: # de jugadores | BH76: 1 | BJ76: # de jugadores | BL76: 1 | BR76: 1 | BS76: 5.73 | BT76: dominante
N77: 7 | O77: 28.49 | P77: no dominante | R77: 19 | S77: 16.3 | T77: dominante | V77: 19 | W77: 19.51 | X77: no dominante | Z77: 5 | AA77: 34.32 | AB77: dominante | AD77: 13 | AE77: 68.2 | AF77: dominante | AP77: 9 | AQ77: 15.5 | AR77: dominante | AT77: 12 | AU77: 15.68 | AV77: no dominante | AX77: intento | AY77: segundos | AZ77: mano | BB77: intento | BC77: segundos | BD77: mano | BF77: intento | BG77: segundos | BH77: mano | BJ77: intento | BK77: segundos | BL77: mano | BN77: Juego 77 (Jenga nuevo) | BR77: 2 | BS77: 2.68 | BT77: no dominante
R78: 20 | S78: 28.45 | T78: no dominante | V78: 20 | W78: 25.85 | X78: no dominante | Z78: 6 | AA78: 11.81 | AB78: no dominante | AD78: 14 | AE78: 13.22 | AF78: dominante | AP78: 10 | AQ78: 2.7 | AR78: no dominante | AX78: 1 | AY78: 4.52 | AZ78: dominante | BB78: 1 | BC78: 6.05 | BD78: dominante | BF78: 1 | BG78: 8.12 | BH78: dominante | BJ78: 1 | BK78: 3.02 | BL78: dominante | BN78: # de jugadores | BP78: 1 | BR78: 3 | BS78: 2.05 | BT78: dominante | BV78: Juego 79 (Jenga nuevo) | BZ78: Juego 80 (Jenga viejo )
R79: 21 | S79: 18.2 | T79: no dominante | V79: 21 | W79: 10.37 | X79: no dominante | Z79: 7 | AA79: 42.86 | AB79: dominante | AP79: 11 | AQ79: 29.03 | AR79: dominante | AX79: 2 | AY79: 3.83 | AZ79: no dominante | BB79: 2 | BC79: 8.05 | BD79: no dominante | BF79: 2 | BG79: 5.43 | BH79: dominante | BJ79: 2 | BK79: 4.03 | BL79: dominante | BN79: intento | BO79: segundos | BP79: mano | BR79: 4 | BS79: 11.28 | BT79: dominante | BV79: # de jugadores | BX79: 1 | BZ79: # de jugadores | CB79: 3
B80: Juego 61 (Jenga nuevo ) | F80: Juego 62 (Jenga nuevo ) | J80: Juego 63 (Jenga nuevo) | N80: Juego 64 (Jenga nuevo ) | R80: 22 | S80: 70.64 | T80: dominante | V80: 22 | W80: 23.67 | X80: no dominante | Z80: 8 | AA80: 11.33 | AB80: no dominante | AL80: Juego 70 (Jenga nuevo ) | AP80: 12 | AQ80: 26.34 | AR80: no dominante | AX80: 3 | AY80: 3.72 | AZ80: dominante | BB80: 3 | BC80: 7.09 | BD80: dominante | BF80: 3 | BG80: 10.18 | BH80: dominante | BJ80: 3 | BK80: 12.2 | BL80: dominante | BN80: 1 | BO80: 3.92 | BP80: dominante | BR80: 5 | BS80: 9.31 | BT80: no dominante | BV80: intento | BW80: segundos | BX80: mano | BZ80: intento | CA80: segundos | CB80: mano
B81: # de jugadores | D81: 3 | F81: # de jugadores | H81: 4 | J81: # de jugadores | L81: 4 | N81: # de jugadores | P81: 4 | V81: 23 | W81: 39.02 | X81: no dominante | Z81: 9 | AA81: 40.1 | AB81: dominante | AD81: Juego 68 (Jenga nuevo) | AH81: Juego 69 (Jenga nuevo ) | AL81: # de jugadores | AN81: 3 | AP81: 13 | AQ81: 18.23 | AR81: dominante | AX81: 4 | AY81: 9.88 | AZ81: dominante | BB81: 4 | BC81: 5.16 | BD81: no dominante | BF81: 4 | BG81: 12.71 | BH81: dominante | BJ81: 4 | BK81: 9.66 | BL81: dominante | BN81: 2 | BO81: 4.1 | BP81: dominante | BR81: 6 | BS81: 6.82 | BT81: dominante | BV81: 1 | BW81: 5.52 | BX81: dominante | BZ81: 1 | CA81: 4.25 | CB81: dominante
B82: intento | C82: segundos | D82: mano | F82: intento | G82: segundos | H82: mano | J82: intento | K82: segundos | L82: mano | N82: intento | O82: segundos | P82: mano | R82: Juego 65 (Jenga nuevo) | V82: 24 | W82: 21.74 | X82: no dominante | Z82: 10 | AA82: 10.12 | AB82: no dominante | AD82: # de jugadores | AF82: 4 | AH82: # de jugadores | AJ82: 3 | AL82: intento | AM82: segundos | AN82: mano | AP82: 14 | AQ82: 6.44 | AR82: no dominante | AX82: 5 | AY82: 51.4 | AZ82: no dominante | BB82: 5 | BC82: 16.91 | BD82: dominante | BF82: 5 | BG82: 22.48 | BH82: dominante | BJ82: 5 | BK82: 2.11 | BL82: dominante | BN82: 3 | BO82: 13.56 | BP82: dominante | BR82: 7 | BS82: 23.29 | BT82: dominante | BV82: 2 | BW82: 7.18 | BX82: dominante | BZ82: 2 | CA82: 2.75 | CB82: no dominante
B83: 1 | C83: 00:11.68 | D83: no dominante | F83: 1 | G83: 00:10.34 | H83: no dominante | J83: 1 | K83: 00:09.43 | L83: no dominante | N83: 1 | O83: 00:27.43 | P83: no dominante | R83: # de jugadores | T83: 4 | Z83: 11 | AA83: 33.06 | AB83: dominante | AD83: intento | AE83: segundos | AF83: mano | AH83: intento | AI83: segundos | AJ83: mano | AL83: 1 | AM83: 00:17.20 | AN83: dominante | AQ83: =AVERAGE(AQ69:AQ82) -> 13.106429 | AX83: 6 | AY83: 8.42 | AZ83: dominante | BB83: 6 | BC83: 9.35 | BD83: no dominante | BF83: 6 | BG83: 11.99 | BH83: dominante | BJ83: 6 | BK83: 5.72 | BL83: dominante | BN83: 4 | BO83: 19.89 | BP83: dominante | BR83: 8 | BS83: 22.44 | BT83: no dominante | BV83: 3 | BW83: 9.05 | BX83: dominante | BZ83: 3 | CA83: 5.04 | CB83: dominante
B84: 2 | C84: 00:05.38 | D84: dominante | F84: 2 | G84: 00:14.84 | H84: dominante | J84: 2 | K84: 00:06.20 | L84: dominante | N84: 2 | O84: 00:21.00 | P84: dominante | R84: intento | S84: segundos | T84: mano | V84: Juego 66 (Jenga nuevo ) | Z84: 12 | AA84: 15.84 | AB84: no dominante | AD84: 1 | AE84: 00:11.46 | AF84: no dominante | AH84: 1 | AI84: 00:07.19 | AJ84: no dominante | AL84: 2 | AM84: 00:20.99 | AN84: no dominante | AP84: Juego 71 (Jenga nuevo) | AX84: 7 | AY84: 15.5 | AZ84: dominante | BB84: 7 | BC84: 15.13 | BD84: dominante | BF84: 7 | BG84: 15.57 | BH84: dominante | BJ84: 7 | BK84: 9.16 | BL84: dominante | BN84: 5 | BO84: 24.48 | BP84: dominante | BR84: 9 | BS84: 3.73 | BT84: dominante | BV84: 4 | BW84: 2.05 | BX84: dominante | BZ84: 4 | CA84: 4.54 | CB84: dominante
B85: 3 | C85: 00:04.66 | D85: no dominante | F85: 3 | G85: 00:22.46 | H85: no dominante | J85: 3 | K85: 00:13.40 | L85: dominante | N85: 3 | O85: 00:16.17 | P85: no dominante | R85: 1 | S85: 00:16.25 | T85: no dominante | V85: # de jugadores | X85: 4 | Z85: 13 | AA85: 11.13 | AB85: dominante | AD85: 2 | AE85: 00:15.23 | AF85: dominante | AH85: 2 | AI85: 00:18.45 | AJ85: dominante | AL85: 3 | AM85: 00:16.37 | AN85: no dominante | AP85: # de jugadores | AR85: 4 | AX85: 8 | AY85: 16.13 | AZ85: no dominante | BB85: 8 | BC85: 5.28 | BD85: no dominante | BF85: 8 | BG85: 12.18 | BH85: dominante | BJ85: 8 | BK85: 8.33 | BL85: dominante | BN85: 6 | BO85: 17.15 | BP85: dominante | BR85: 10 | BS85: 12.31 | BT85: dominante | BV85: 5 | BW85: 7.91 | BX85: dominante | BZ85: 5 | CA85: 6.01 | CB85: no dominante
B86: 4 | C86: 00:12.84 | D86: no dominante | F86: 4 | G86: 00:07.77 | H86: no dominante | J86: 4 | K86: 00:03.90 | L86: dominante | N86: 4 | O86: 00:04.57 | P86: no dominante | R86: 2 | S86: 00:17.31 | T86: dominante | V86: intento | W86: segundos | X86: mano | Z86: 14 | AA86: 27.89 | AB86: no dominante | AD86: 3 | AE86: 00:15.30 | AF86: dominante | AH86: 3 | AI86: 00:20.01 | AJ86: no dominante | AL86: 4 | AM86: 00:15.23 | AN86: dominante | AP86: intento | AQ86: segundos | AR86: mano | AX86: 9 | AY86: 15.98 | AZ86: dominante | BB86: 9 | BC86: 12.17 | BD86: dominante | BF86: 9 | BG86: 23.7 | BH86: dominante | BJ86: 9 | BK86: 6.89 | BL86: dominante | BN86: 7 | BO86: 9.97 | BP86: dominante | BR86: 11 | BS86: 19.62 | BT86: no dominante | BV86: 6 | BW86: 15.63 | BX86: dominante | BZ86: 6 | CA86: 6.13 | CB86: dominante
B87: 5 | C87: 00:08.92 | D87: dominante | F87: 5 | G87: 00:16.53 | H87: no dominante | J87: 5 | K87: 00:07.16 | L87: no dominante | N87: 5 | O87: 00:08.05 | P87: no dominante | R87: 3 | S87: 00:08.44 | T87: dominante | V87: 1 | W87: 00:05.90 | X87: dominante | Z87: 15 | AA87: 117.04 | AB87: dominante | AD87: 4 | AE87: 00:18.91 | AF87: no dominante | AH87: 4 | AI87: 00:13.74 | AJ87: no dominante | AL87: 5 | AM87: 00:40.00 | AN87: no dominante | AP87: 1 | AQ87: 2.56 | AR87: dominante | AX87: 10 | AY87: 5.65 | AZ87: dominante | BB87: 10 | BC87: 13.21 | BD87: no dominante | BF87: 10 | BG87: 9.01 | BH87: dominante | BJ87: 10 | BK87: 9.84 | BL87: dominante | BN87: 8 | BO87: 15.91 | BP87: dominante | BR87: 12 | BS87: 23.41 | BT87: dominante | BV87: 7 | BW87: 2.05 | BX87: dominante | BZ87: 7 | CA87: 7.06 | CB87: dominante
B88: 6 | C88: 00:07.51 | D88: no dominante | F88: 6 | G88: 00:29.53 | H88: dominante | J88: 6 | K88: 00:07.91 | L88: dominante | N88: 6 | O88: 00:19.76 | P88: dominante | R88: 4 | S88: 00:18.62 | T88: dominante | V88: 2 | W88: 00:16.51 | X88: no dominante | Z88: 16 | AA88: 74.59 | AB88: no dominante | AD88: 5 | AE88: 00:06.91 | AF88: no dominante | AH88: 5 | AI88: 00:21.55 | AJ88: dominante | AL88: 6 | AM88: 00:07.18 | AN88: no dominante | AP88: 2 | AQ88: 4.2 | AR88: no dominante | AX88: 11 | AY88: 7.44 | AZ88: no dominante | BB88: 11 | BC88: 15.12 | BD88: dominante | BJ88: 11 | BK88: 15.98 | BL88: dominante | BN88: 9 | BO88: 26.47 | BP88: dominante | BV88: 8 | BW88: 11.21 | BX88: dominante | BZ88: 8 | CA88: 4.12 | CB88: no dominante
B89: 7 | C89: 00:12.80 | D89: no dominante | F89: 7 | G89: 00:27.76 | H89: no dominante | J89: 7 | K89: 00:24.27 | L89: dominante | N89: 7 | O89: 00:12.82 | P89: no dominante | R89: 5 | S89: 00:14.76 | T89: no dominante | V89: 3 | W89: 00:02.77 | X89: no dominante | Z89: 17 | AA89: 139.57 | AB89: dominante | AD89: 6 | AE89: 00:24.77 | AF89: dominante | AH89: 6 | AI89: 00:05.03 | AJ89: no dominante | AL89: 7 | AM89: 00:08.49 | AN89: dominante | AP89: 3 | AQ89: 6.6 | AR89: dominante | AX89: 12 | AY89: 9.61 | AZ89: dominante | BB89: 12 | BC89: 6.34 | BD89: no dominante | BJ89: 12 | BK89: 6.96 | BL89: dominante | BN89: 10 | BO89: 7.85 | BP89: dominante | BV89: 9 | BW89: 13.83 | BX89: dominante | BZ89: 9 | CA89: 5.91 | CB89: dominante
B90: 8 | C90: 00:26.39 | D90: dominante | F90: 8 | G90: 00:15.51 | H90: no dominante | J90: 8 | K90: 00:15.19 | L90: dominante | N90: 8 | O90: 00:46.40 | P90: no dominante | R90: 6 | S90: 01:07.44 | T90: dominante | V90: 4 | W90: 00:16.84 | X90: no dominante | Z90: 18 | AA90: 17.94 | AB90: no dominante | AD90: 7 | AE90: 00:12.43 | AF90: dominante | AH90: 7 | AI90: 00:12.06 | AJ90: no dominante | AL90: 8 | AM90: 00:15.36 | AN90: no dominante | AP90: 4 | AQ90: 14.95 | AR90: no dominante | AX90: 13 | AY90: 19.32 | AZ90: dominante | BJ90: 13 | BK90: 8.58 | BL90: dominante | BN90: 11 | BO90: 15.5 | BP90: dominante | BR90: Juego 78 (Jenga nuevo) | BV90: 10 | BW90: 23.39 | BX90: dominante | BZ90: 10 | CA90: 5.49 | CB90: dominante
B91: 9 | C91: 00:14.05 | D91: no dominante | F91: 9 | G91: 00:38.98 | H91: no dominante | J91: 9 | K91: 00:31.72 | L91: no dominante | N91: 9 | O91: 00:08.14 | P91: no dominante | R91: 7 | S91: 00:11.94 | T91: dominante | V91: 5 | W91: 00:09.89 | X91: dominante | Z91: 19 | AA91: 81.77 | AB91: dominante | AD91: 8 | AE91: 00:24.61 | AF91: no dominante | AH91: 8 | AI91: 00:13.75 | AJ91: dominante | AL91: 9 | AM91: 00:12.48 | AN91: no dominante | AP91: 5 | AQ91: 9.21 | AR91: dominante | AX91: 14 | AY91: 15.96 | AZ91: no dominante | BJ91: 14 | BK91: 18.05 | BL91: dominante | BN91: 12 | BO91: 12.51 | BP91: dominante | BR91: # de jugadores | BT91: 2 | BV91: 11 | BW91: 7.55 | BX91: dominante | BZ91: 11 | CA91: 9.42 | CB91: no dominante
B92: 10 | C92: 00:11.45 | D92: no dominante | F92: 10 | G92: 00:05.02 | H92: dominante | J92: 10 | K92: 00:08.37 | L92: dominante | N92: 10 | O92: 00:09.44 | P92: dominante | R92: 8 | S92: 00:11.29 | T92: dominante | V92: 6 | W92: 00:20.64 | X92: no dominante | Z92: 20 | AA92: 133.81 | AB92: no dominante | AD92: 9 | AE92: 00:07.07 | AF92: no dominante | AH92: 9 | AI92: 00:11.13 | AJ92: no dominante | AL92: 10 | AM92: 00:10.32 | AN92: dominante | AP92: 6 | AQ92: 5.46 | AR92: no dominante | BJ92: 15 | BK92: 26.72 | BL92: dominante | BN92: 13 | BO92: 24.88 | BP92: dominante | BR92: intento | BS92: segundos | BT92: mano | BV92: 12 | BW92: 13.91 | BX92: dominante | BZ92: 12 | CA92: 12.85 | CB92: dominante
B93: 11 | C93: 00:20.41 | D93: dominante | F93: 11 | G93: 00:06.25 | H93: no dominante | J93: 11 | K93: 00:31.53 | L93: dominante | N93: 11 | O93: 00:13.47 | P93: no dominante | R93: 9 | S93: 00:23.41 | T93: no dominante | V93: 7 | W93: 00:14.97 | X93: no dominante | Z93: 21 | AA93: 123.2 | AB93: dominante | AD93: 10 | AE93: 00:11.25 | AF93: dominante | AH93: 10 | AI93: 00:14.29 | AJ93: no dominante | AL93: 11 | AM93: 00:18.88 | AN93: no dominante | AP93: 7 | AQ93: 23.41 | AR93: dominante | BJ93: 16 | BK93: 24.44 | BL93: dominante | BR93: 1 | BS93: 8.32 | BT93: dominante | BV93: 13 | BW93: 30.17 | BX93: dominante | BZ93: 13 | CA93: 11.64 | CB93: dominante
B94: 12 | C94: 00:15.18 | D94: no dominante | F94: 12 | G94: 00:16.03 | H94: no dominante | J94: 12 | K94: 00:06.76 | L94: dominante | N94: 12 | O94: 00:05.91 | P94: no dominante | R94: 10 | S94: 00:21.98 | T94: dominante | V94: 8 | W94: 00:13.39 | X94: no dominante | Z94: 22 | AA94: 32.46 | AB94: no dominante | AD94: 11 | AE94: 00:10.22 | AF94: dominante | AH94: 11 | AI94: 00:26.61 | AJ94: dominante | AL94: 12 | AM94: 00:02.16 | AN94: no dominante | AP94: 8 | AQ94: 26.61 | AR94: no dominante | BJ94: 17 | BK94: 12.72 | BL94: dominante | BR94: 2 | BS94: 9.1 | BT94: no dominante | BV94: 14 | BW94: 8.39 | BX94: dominante | BZ94: 14 | CA94: 9.51 | CB94: no dominante
B95: 13 | C95: 00:12.03 | D95: no dominante | F95: 13 | G95: 00:07.11 | H95: no dominante | J95: 13 | K95: 00:09.15 | L95: no dominante | N95: 13 | O95: 00:10.09 | P95: no dominante | R95: 11 | S95: 00:10.13 | T95: dominante | V95: 9 | W95: 00:18.35 | X95: dominante | Z95: 23 | AA95: 32 | AB95: dominante | AD95: 12 | AE95: 00:13.74 | AF95: no dominante | AH95: 12 | AI95: 00:22.11 | AJ95: no dominante | AL95: 13 | AM95: 00:08.74 | AN95: dominante | AP95: 9 | AQ95: 11.78 | AR95: dominante | BJ95: 18 | BK95: 4.25 | BL95: dominante | BR95: 3 | BS95: 8.44 | BT95: dominante | BV95: 15 | BW95: 18.31 | BX95: dominante | BZ95: 15 | CA95: 11.45 | CB95: dominante
B96: 14 | C96: 00:30.88 | D96: dominante | F96: 14 | G96: 00:06.05 | H96: dominante | J96: 14 | K96: 00:10.71 | L96: dominante | N96: 14 | O96: 00:10.04 | P96: dominante | R96: 12 | S96: 00:14.77 | T96: dominante | V96: 10 | W96: 00:40.56 | X96: no dominante | Z96: 24 | AA96: 118.72 | AB96: no dominante | AD96: 13 | AE96: 00:06.48 | AF96: no dominante | AH96: 13 | AI96: 00:11.92 | AJ96: no dominante | AL96: 14 | AM96: 00:13.96 | AN96: no dominante | AP96: 10 | AQ96: 2.2 | AR96: no dominante | BJ96: 19 | BK96: 16.54 | BL96: dominante | BR96: 4 | BS96: 11.5 | BT96: no dominante | BV96: 16 | BW96: 12.82 | BX96: dominante | BZ96: 16 | CA96: 5.35 | CB96: dominante
B97: 15 | C97: 00:06.13 | D97: no dominante | F97: 15 | G97: 00:52.62 | H97: no dominante | J97: 15 | K97: 00:38.95 | L97: dominante | N97: 15 | O97: 00:19.65 | P97: no dominante | R97: 13 | S97: 00:08.95 | T97: no dominante | V97: 11 | W97: 00:14.10 | X97: no dominante | Z97: 25 | AA97: 93.46 | AB97: dominante | AD97: 14 | AE97: 00:08.40 | AF97: dominante | AH97: 14 | AI97: 00:38.08 | AJ97: dominante | AL97: 15 | AM97: 00:07.68 | AN97: no dominante | BJ97: 20 | BK97: 22.69 | BL97: dominante | BR97: 5 | BS97: 7.51 | BT97: dominante | BV97: 17 | BW97: 5.09 | BX97: dominante | BZ97: 17 | CA97: 17.42 | CB97: no dominante
B98: 16 | C98: 00:34.14 | D98: no dominante | F98: 16 | G98: 00:17.93 | H98: no dominante | J98: 16 | K98: 00:16.13 | L98: dominante | N98: 16 | O98: 00:04.97 | P98: no dominante | R98: 14 | S98: 00:21.82 | T98: dominante | V98: 12 | W98: 00:11.86 | X98: no dominante | Z98: 26 | AA98: 44.51 | AB98: no dominante | AD98: 15 | AE98: 00:18.37 | AF98: dominante | AH98: 15 | AI98: 00:10.44 | AJ98: no dominante | AL98: 16 | AM98: 00:12.14 | AN98: dominante | BJ98: 21 | BK98: 25.16 | BL98: dominante | BR98: 6 | BS98: 7.26 | BT98: no dominante | BV98: 18 | BW98: 5.29 | BX98: dominante | BZ98: 18 | CA98: 23.88 | CB98: dominante
B99: 17 | C99: 00:05.89 | D99: dominante | F99: 17 | G99: 00:06.79 | H99: no dominante | J99: 17 | K99: 00:25.36 | L99: no dominante | N99: 17 | O99: 00:20.13 | P99: no dominante | R99: 15 | S99: 00:14.59 | T99: dominante | V99: 13 | W99: 00:13.98 | X99: dominante | Z99: 27 | AA99: 40.6 | AB99: dominante | AD99: 16 | AE99: 00:15.37 | AF99: no dominante | AH99: 16 | AI99: 00:08.29 | AJ99: no dominante | AL99: 17 | AM99: 00:23.85 | AN99: no dominante | BJ99: 22 | BK99: 22.88 | BL99: dominante | BR99: 7 | BS99: 23.18 | BT99: dominante | BV99: 19 | BW99: 6.9 | BX99: dominante | BZ99: 19 | CA99: 6.55 | CB99: dominante
B100: 18 | C100: 00:38.40 | D100: no dominante | G100: =AVERAGE(G83:G99) -> #DIV/0! | J100: 18 | K100: 00:12.78 | L100: dominante | N100: 18 | O100: 00:40.73 | P100: dominante | S100: =AVERAGE(S85:S99) -> #DIV/0! | V100: 14 | W100: 00:19.10 | X100: no dominante | Z100: 28 | AA100: 93.15 | AB100: no dominante | AD100: 17 | AE100: 00:07.91 | AF100: no dominante | AH100: 17 | AI100: 00:11.95 | AJ100: dominante | AL100: 18 | AM100: 00:16.95 | AN100: no dominante | AX100: Juego 93 (Jenga viejo) | BB100: Juego 94 (Jenga viejo) | BF100: Juego 95 (Jenga viejo) | BJ100: 23 | BK100: 24.56 | BL100: dominante | BR100: 8 | BS100: 5.75 | BT100: no dominante | BV100: 20 | BW100: 25.17 | BX100: dominante | BZ100: 20 | CA100: 8.13 | CB100: no dominante
B101: 19 | C101: 00:18.01 | D101: no dominante | K101: =AVERAGE(K83:K100) -> #DIV/0! | N101: 19 | O101: 00:39.61 | P101: no dominante | V101: 15 | W101: 00:12.66 | X101: no dominante | Z101: 29 | AA101: 121.15 | AB101: dominante | AD101: 18 | AE101: 00:09.71 | AF101: dominante | AH101: 18 | AI101: 00:47.57 | AJ101: no dominante | AX101: # de jugadores | AZ101: 4 | BB101: # de jugadores | BD101: 2 | BF101: # de jugadores | BH101: 2 | BJ101: 24 | BK101: 3.33 | BL101: dominante | BN101: Juego 97 (Jenga Viejo) | BR101: 9 | BS101: 13.63 | BT101: dominante | BV101: 21 | BW101: 16.05 | BX101: dominante | BZ101: 21 | CA101: 12.09 | CB101: dominante
...

Sheet FORMATO 1
A1: Juego | B1: Condicion de la torre | C1: Numero de jugadores | D1: Intento | E1: Segundos | F1: Mano Utilizada
A2: 1 | B2: si | C2: 2 | D2: 1 | E2: 4.79 | F2: dominante
A3: 1 | B3: si | C3: 2 | D3: 2 | E3: 6.26 | F3: dominante
A4: 1 | B4: si | C4: 2 | D4: 3 | E4: 2.64 | F4: dominante
A5: 1 | B5: si | C5: 2 | D5: 4 | E5: 16.4 | F5: dominante
A6: 1 | B6: si | C6: 2 | D6: 5 | E6: 7.38 | F6: dominante
A7: 1 | B7: si | C7: 2 | D7: 6 | E7: 9.69 | F7: dominante
A8: 1 | B8: si | C8: 2 | D8: 7 | E8: 7.69 | F8: dominante
A9: 1 | B9: si | C9: 2 | D9: 8 | E9: 10.06 | F9: dominante
A10: 1 | B10: si | C10: 2 | D10: 9 | E10: 11.83 | F10: dominante
A11: 1 | B11: si | C11: 2 | D11: 10 | E11: 13.85 | F11: dominante
A12: 2 | B12: no | C12: 2 | D12: 1 | E12: 5.39 | F12: no dominante
A13: 2 | B13: no | C13: 2 | D13: 2 | E13: 2.45 | F13: no dominante
... A374: 24 | B374: no | C374: 2 | D374: 2 | E374: 8.5 | F374: dominante
A375: 24 | B375: no | C375: 2 | D375: 3 | E375: 10 | F375: no dominante
A376: 24 | B376: no | C376: 2 | D376: 4 | E376: 5.3 | F376: dominante
A377: 24 | B377: no | C377: 2 | D377: 5 | E377: 7.1 | F377: no dominante
A378: 24 | B378: no | C378: 2 | D378: 6 | E378: 6.8 | F378: dominante
A379: 24 | B379: no | C379: 2 | D379: 7 | E379: 9.3 | F379: no dominante
A380: 24 | B380: no | C380: 2 | D380: 8 | E380: 4.4 | F380: dominante
A381: 24 | B381: no | C381: 2 | D381: 9 | E381: 5.3 | F381: no dominante
A382: 24 | B382: no | C382: 2 | D382: 10 | E382: 6.6 | F382: dominante
A383: 24 | B383: no | C383: 2 | D383: 11 | E383: 14.2 | F383: no dominante
A384: 24 | B384: no | C384: 2 | D384: 12 | E384: 8.9 | F384: dominante
A385: 24 | B385: no | C385: 2 | D385: 13 | E385: 14 | F385: no dominante
A386: 24 | B386: no | C386: 2 | D386: 14 | E386: 14.5 | F386: dominante
A387: 24 | B387: no | C387: 2 | D387: 15 | E387: 10.1 | F387: no dominante
A388: 24 | B388: no | C388: 2 | D388: 16 | E388: 6.8 | F388: dominante
A389: 24 | B389: no | C389: 2 | D389: 17 | E389: 6.1 | F389: no dominante
A390: 24 | B390: no | C390: 2 | D390: 18 | E390: 29.0 | F390: dominante
A391: 24 | B391: no | C391: 2 | D391: 19 | E391: 12.6 | F391: no dominante
A392: 24 | B392: no | C392: 2 | D392: 20 | E392: 13.5 | F392: dominante
A393: 24 | B393: no | C393: 2 | D393: 21 | E393: 11.0 | F393: no dominante
A394: 24 | B394: no | C394: 2 | D394: 22 | E394: 12.7 | F394: dominante
A395: 24 | B395: no | C395: 2 | D395: 23 | E395: 9.7 | F395: no dominante
A396: 24 | B396: no | C396: 2 | D396: 24 | E396: 7.0 | F396: dominante
A397: 24 | B397: no | C397: 2 | D397: 25 | E397: 29.8 | F397: no dominante
... A6423: 300 | B6423: si | C6423: 4 | D6423: 14 | E6423: 2.74 | F6423: no dominante

Sheet FORMATO 2
A1: Juego | B1: Condicion de la torre | C1: Numero de jugadores | D1: Piezas sacadas | E1: Promedio de segundos | F1: Mano Utilizada en la ultima pieza
A2: 1 | B2: Nuevo | C2: 2 | D2: 10 | E2: 9.06 | F2: dominante
A3: 2 | B3: Viejo | C3: 2 | D3: 16 | E3: 7.25 | F3: no dominante
A4: 3 | B4: Viejo | C4: 3 | D4: 16 | E4: 8 | F4: dominante
A5: 4 | B5: Nuevo | C5: 4 | D5: 15 | E5: 11.73 | F5: no dominante
A6: 5 | B6: Viejo | C6: 3 | D6: 30 | E6: 9.9 | F6: no dominante
A7: 6 | B7: Viejo | C7: 3 | D7: 30 | E7: 12.31 | F7: no dominante
A8: 7 | B8: Nuevo | C8: 4 | D8: 19 | E8: 12.9 | F8: no dominante
A9: 8 | B9: Viejo | C9: 3 | D9: 7 | E9: 22.61 | F9: dominante
A10: 9 | B10: Viejo | C10: 4 | D10: 12 | E10: 9.05 | F10: no dominante
A11: 10 | B11: Viejo | C11: 3 | D11: 6 | E11: 14.39 | F11: dominante
A12: 11 | B12: Viejo | C12: 3 | D12: 35 | E12: 19.08 | F12: dominante
A13: 12 | B13: Viejo | C13: 3 | D13: 20 | E13: 27.18 | F13: dominante
... A23: 22 | B23: Nuevo | C23: 2 | D23: 19 | E23: 16.78 | F23: no dominante
A24: 23 | B24: Nuevo | C24: 2 | D24: 16 | E24: =AVERAGE('TOMA DE DATOS'!$K$27:$K$42) -> 13.06875 | F24: dominante
A25: 24 | B25: Viejo | C25: 2 | D25: 39 | E25: =AVERAGE('TOMA DE DATOS'!$O$26:$O$64) -> 14.479487 | F25: no dominante
A26: 25 | B26: Nuevo | C26: 4 | D26: 4 | E26: =AVERAGE('TOMA DE DATOS'!$S$41:$S$44) -> 8.775 | F26: dominante
A27: 26 | B27: Nuevo | C27: 4 | D27: 12 | E27: =AVERAGE('TOMA DE DATOS'!$W$41:$W$52) -> 10.3225 | F27: no dominante
A28: 27 | B28: Viejo | C28: 3 | D28: 37 | E28: =AVERAGE('TOMA DE DATOS'!$AA$30:$AA$66) -> 11.597297 | F28: dominante
A29: 28 | B29: Viejo | C29: 3 | D29: 29 | E29: =AVERAGE('TOMA DE DATOS'!$AE$30:$AE$58) -> 10.8 | F29: no dominante
A30: 29 | B30: Viejo | C30: 4 | D30: 20 | E30: =AVERAGE('TOMA DE DATOS'!$AI$30:$AI$49) -> 11.918 | F30: no dominante
A31: 30 | B31: Viejo | C31: 4 | D31: 25 | E31: =AVERAGE('TOMA DE DATOS'!$AM$30:$AM$54) -> 11.912 | F31: dominante
A32: 31 | B32: Viejo | C32: 4 | D32: 19 | E32: 10.6 | F32: dominante
A33: 32 | B33: Nuevo | C33: 2 | D33: 17 | E33: =AVERAGE('TOMA DE DATOS'!$AU$30:$AU$46) -> 11.588235 | F33: no dominante
A34: 33 | B34: Nuevo | C34: 3 | D34: 12 | E34: =AVERAGE('TOMA DE DATOS'!$AY$30:$AY$41) -> 12.683333 | F34: no dominante
A35: 34 | B35: Nuevo | C35: 3 | D35: 3 | E35: =AVERAGE('TOMA DE DATOS'!$BC$30:$BC$32) -> 8.5 | F35: no dominante
A36: 35 | B36: Nuevo | C36: 3 | D36: 21 | E36: =AVERAGE('TOMA DE DATOS'!$BG$30:$BG$50) -> 13.342857 | F36: dominante
A37: 36 | B37: Nuevo | C37: 3 | D37: 17 | E37: =AVERAGE('TOMA DE DATOS'!$BK$30:$BK$46) -> 15.879412 | F37: no dominante
A38: 37 | B38: Viejo | C38: 1 | D38: 25 | E38: =AVERAGE('TOMA DE DATOS'!$BO$30:$BO$54) -> 9.764 | F38: no dominante
A39: 38 | B39: Viejo | C39: 1 | D39: 40 | E39: =AVERAGE('TOMA DE DATOS'!$BS$31:$BS$70) -> 10.6405 | F39: dominante
A40: 39 | B40: Viejo | C40: 1 | D40: 27 | E40: =AVERAGE('TOMA DE DATOS'!$BW$31:$BW$57) -> 10.267407 | F40: dominante
A41: 40 | B41: Viejo | C41: 1 | D41: 25 | E41: =AVERAGE('TOMA DE DATOS'!$CA$31:$CA$55) -> 10.9056 | F41: no dominante
A42: 41 | B42: Viejo | C42: 1 | D42: 25 | E42: =AVERAGE('TOMA DE DATOS'!$C$52:$C$76) -> 14.1784 | F42: dominante
A43: 42 | B43: Viejo | C43: 3 | D43: 24 | E43: 11.81 | F43: no dominante
A44: 43 | B44: Viejo | C44: 3 | D44: 24 | E44: =AVERAGE('TOMA DE DATOS'!$K$52:$K$75) -> 11.344167 | F44: dominante
A45: 44 | B45: Nuevo | C45: 3 | D45: 7 | E45: =AVERAGE('TOMA DE DATOS'!$O$71:$O$77) -> 12.938571 | F45: no dominante
A46: 45 | B46: Nuevo | C46: 3 | D46: 22 | E46: =AVERAGE('TOMA DE DATOS'!$S$59:$S$80) -> 36.12619 | F46: dominante
A47: 46 | B47: Nuevo | C47: 3 | D47: 24 | E47: =AVERAGE('TOMA DE DATOS'!$W$59:$W$82) -> 20.673333 | F47: no dominante
A48: 47 | B48: Nuevo | C48: 4 | D48: 29 | E48: =AVERAGE('TOMA DE DATOS'!$AA$73:$AA$101) -> 54.063448 | F48: dominante
A49: 48 | B49: Nuevo | C49: 1 | D49: 14 | E49: =AVERAGE('TOMA DE DATOS'!$AE$65:$AE$78) -> 18.665 | F49: dominante
A50: 49 | B50: Nuevo | C50: 2 | D50: 15 | E50: =AVERAGE('TOMA DE DATOS'!$AI$61:$AI$75) -> 14.687333 | F50: dominante
A51: 50 | B51: Nuevo | C51: 3 | D51: 15 | E51: =AVERAGE('TOMA DE DATOS'!$AM$61:$AM$75) -> 11.034667 | F51: dominante
A52: 51 | B52: Nuevo | C52: 4 | D52: 14 | E52: =AVERAGE('TOMA DE DATOS'!$AQ$69:$AQ$82) -> 13.106429 | F52: no dominante
A53: 52 | B53: Nuevo | C53: 3 | D53: 3 | E53: 4.7 | F53: dominante
A54: 53 | B54: Nuevo | C54: 3 | D54: 20 | E54: 13.4 | F54: no dominante
A55: 54 | B55: Nuevo | C55: 3 | D55: 20 | E55: =AVERAGE('TOMA DE DATOS'!$BC$53:$BC$72) -> 16.906 | F55: no dominante
A56: 55 | B56: Nuevo | C56: 3 | D56: 10 | E56: =AVERAGE('TOMA DE DATOS'!$BG$57:$BG$66) -> 18.944 | F56: no dominante
A57: 56 | B57: Nuevo | C57: 1 | D57: 11 | E57: =AVERAGE('TOMA DE DATOS'!$BK$53:$BK$63) -> 14.113636 | F57: dominante
A58: 57 | B58: Nuevo | C58: 3 | D58: 15 | E58: =AVERAGE('TOMA DE DATOS'!$BO$60:$BO$74) -> 13.679333 | F58: dominante
A59: 58 | B59: Nuevo | C59: 3 | D59: 12 | E59: =AVERAGE('TOMA DE DATOS'!$BS$76:$BS$87) -> 11.889167 | F59: dominante
A60: 59 | B60: Nuevo | C60: 1 | D60: 13 | E60: =AVERAGE('TOMA DE DATOS'!$BW$63:$BW$75) -> 11.056154 | F60: dominante
A61: 60 | B61: Nuevo | C61: 3 | D61: 11 | E61: =AVERAGE('TOMA DE DATOS'!$CA$63:$CA$73) -> 15.153636 | F61: no dominante
A62: 61 | B62: Nuevo | C62: 3 | D62: 22 | E62: 17.4 | F62: no dominante
A63: 62 | B63: Nuevo | C63: 4 | D63: 17 | E63: 17.7 | F63: no dominante
A64: 63 | B64: Nuevo | C64: 4 | D64: 18 | E64: 15.5 | F64: dominante
A65: 64 | B65: Nuevo | C65: 4 | D65: 21 | E65: 19 | F65: no dominante
A66: 65 | B66: Nuevo | C66: 4 | D66: 15 | E66: 18.8 | F66: dominante
A67: 66 | B67: Nuevo | C67: 4 | D67: 24 | E67: 22.3 | F67: no dominante
A68: 67 | B68: Nuevo | C68: 4 | D68: 11 | E68: 15 | F68: dominante
A69: 68 | B69: Nuevo | C69: 4 | D69: 26 | E69: 17.1 | F69: dominante
A70: 69 | B70: Nuevo | C70: 3 | D70: 21 | E70: 17.6 | F70: no dominante
A71: 70 | B71: Nuevo | C71: 3 | D71: 18 | E71: 14.9 | F71: no dominante
A72: 71 | B72: Nuevo | C72: 4 | D72: 10 | E72: =AVERAGE('TOMA DE DATOS'!$AQ$87:$AQ$96) -> 10.698 | F72: no dominante
A73: 72 | B73: Nuevo | C73: 4 | D73: 12 | E73: =AVERAGE('TOMA DE DATOS'!$AU$66:$AU$77) -> 8.1708333 | F73: no dominante
A74: 73 | B74: Nuevo | C74: 3 | D74: 14 | E74: =AVERAGE('TOMA DE DATOS'!$AY$78:$AY$91) -> 13.382857 | F74: no dominante
A75: 74 | B75: Nuevo | C75: 2 | D75: 12 | E75: =AVERAGE('TOMA DE DATOS'!$BC$78:$BC$89) -> 9.9883333 | F75: no dominante
A76: 75 | B76: Nuevo | C76: 1 | D76: 10 | E76: =AVERAGE('TOMA DE DATOS'!$BG$78:$BG$87) -> 13.137 | F76: dominante
A77: 76 | B77: Viejo | C77: 1 | D77: 27 | E77: =AVERAGE('TOMA DE DATOS'!$BK$78:$BK$104) -> 12.783333 | F77: dominante
A78: 77 | B78: Nuevo | C78: 1 | D78: 13 | E78: =AVERAGE('TOMA DE DATOS'!$BO$80:$BO$92) -> 15.091538 | F78: dominante
A79: 78 | B79: Nuevo | C79: 2 | D79: 14 | E79: =AVERAGE('TOMA DE DATOS'!$BS$93:$BS$106) -> 13.077857 | F79: no dominante
A80: 79 | B80: Nuevo | C80: 1 | D80: 28 | E80: =AVERAGE('TOMA DE DATOS'!$BW$81:$BW$108) -> 13.388571 | F80: dominante
A81: 80 | B81: Viejo | C81: 3 | D81: 29 | E81: =AVERAGE('TOMA DE DATOS'!$CA$81:$CA$109) -> 10.835172 | F81: no dominante
A82: 81 | B82: Nuevo | C82: 1 | D82: 20 | E82: =AVERAGE('TOMA DE DATOS'!$C$109:$C$128) -> 9.45 | F82: no dominante
A83: 82 | B83: Viejo | C83: 2 | D83: 30 | E83: =AVERAGE('TOMA DE DATOS'!$G$106:$G$135) -> 11.784 | F83: dominante
A84: 83 | B84: Nuevo | C84: 3 | D84: 18 | E84: =AVERAGE('TOMA DE DATOS'!$K$106:$K$123) -> 9.23 | F84: no dominante
A85: 84 | B85: Viejo | C85: 3 | D85: 25 | E85: =AVERAGE('TOMA DE DATOS'!$O$109:$O$133) -> 12.2348 | F85: dominante
A86: 85 | B86: Nuevo | C86: 3 | D86: 14 | E86: =AVERAGE('TOMA DE DATOS'!$S$107:$S$120) -> 11.093571 | F86: no dominante
A87: 86 | B87: Nuevo | C87: 1 | D87: 11 | E87: =AVERAGE('TOMA DE DATOS'!$W$115:$W$125) -> 10.765455 | F87: dominante
A88: 87 | B88: Nuevo | C88: 4 | D88: 11 | E88: =AVERAGE('TOMA DE DATOS'!$AA$122:$AA$132) -> 13.715455 | F88: dominante
A89: 88 | B89: Viejo | C89: 4 | D89: 33 | E89: =AVERAGE('TOMA DE DATOS'!$AE$116:$AE$148) -> 12.030303 | F89: dominante
A90: 89 | B90: Viejo | C90: 1 | D90: 26 | E90: =AVERAGE('TOMA DE DATOS'!$AI$112:$AI$137) -> 12.847692 | F90: dominante
A91: 90 | B91: Nuevo | C91: 4 | D91: 14 | E91: =AVERAGE('TOMA DE DATOS'!$AM$112:$AM$125) -> 20.879286 | F91: no dominante
A92: 91 | B92: Viejo | C92: 3 | D92: 25 | E92: =AVERAGE('TOMA DE DATOS'!$AQ$112:$AQ$136) -> 11.1308 | F92: dominante
A93: 92 | B93: Viejo | C93: 1 | D93: 27 | E93: =AVERAGE('TOMA DE DATOS'!$AU$112:$AU$138) -> 9.1214815 | F93: dominante
A94: 93 | B94: Viejo | C94: 4 | D94: 25 | E94: =AVERAGE('TOMA DE DATOS'!$AY$103:$AY$127) -> 13.1208 | F94: dominante
A95: 94 | B95: Viejo | C95: 2 | D95: 26 | E95: =AVERAGE('TOMA DE DATOS'!$BC$103:$BC$128) -> 11.408077 | F95: no dominante
A96: 95 | B96: Viejo | C96: 2 | D96: 26 | E96: =AVERAGE('TOMA DE DATOS'!$BG$103:$BG$128) -> 10.440385 | F96: no dominante
A97: 96 | B97: Nuevo | C97: 3 | D97: 11 | E97: =AVERAGE('TOMA DE DATOS'!$BK$109:$BK$119) -> 10.854545 | F97: no dominante
A98: 97 | B98: Viejo | C98: 2 | D98: 28 | E98: =AVERAGE('TOMA DE DATOS'!$BO$104:$BO$131) -> 9.2832143 | F98: no dominante
A99: 98 | B99: Nuevo | C99: 4 | D99: 11 | E99: =AVERAGE('TOMA DE DATOS'!$BS$111:$BS$121) -> 13.079091 | F99: dominante
A100: 99 | B100: Nuevo | C100: 4 | D100: 10 | E100: =AVERAGE('TOMA DE DATOS'!$BW$113:$BW$122) -> 12.936 | F100: no dominante
A101: 100 | B101: Nuevo | C101: 2 | D101: 11 | E101: =AVERAGE('TOMA DE DATOS'!$CA$114:$CA$124) -> 13.258182 | F101: dominante
A102: 101 | B102: Nuevo | C102: 2 | D102: 10 | E102: =AVERAGE('TOMA DE DATOS'!$C$140:$C$149) -> 9.799 | F102: dominante
A103: 102 | B103: Nuevo | C103: 3 | D103: 15 | E103: =AVERAGE('TOMA DE DATOS'!$G$140:$G$154) -> 14.169333 | F103: dominante
A104: 103 | B104: Viejo | C104: 3 | D104: 25 | E104: =AVERAGE('TOMA DE DATOS'!$K$138:$K$162) -> 14.492 | F104: dominante
A105: 104 | B105: Viejo | C105: 3 | D105: 26 | E105: =AVERAGE('TOMA DE DATOS'!$O$138:$O$163) -> 22.761538 | F105: no dominante
A106: 105 | B106: Viejo | C106: 3 | D106: 29 | E106: =AVERAGE('TOMA DE DATOS'!$S$138:$S$166) -> 12.630345 | F106: no dominante
A107: 106 | B107: Nuevo | C107: 4 | D107: 15 | E107: =AVERAGE('TOMA DE DATOS'!$W$138:$W$152) -> 15.193333 | F107: dominante
A108: 107 | B108: Nuevo | C108: 1 | D108: 13 | E108: =AVERAGE('TOMA DE DATOS'!$AA$138:$AA$150) -> 9.0269231 | F108: dominante
A109: 108 | B109: Nuevo | C109: 1 | D109: 11 | E109: =AVERAGE('TOMA DE DATOS'!$AE$153:$AE$163) -> 22.831818 | F109: dominante
...
